19:45, Thursday, January 17, 2019
Study name:Static 1 Filled Tension
Units: mm
Selected reference : N/A
Node  ,X (mm)  ,Y (mm)  ,Z (mm)  ,URES (mm)
170  ,500  ,-2.5  ,500  ,2.91242e-004
283  ,500  ,2.5  ,-500  ,2.91231e-004
31502  ,500  ,5.58794e-008  ,500  ,2.91230e-004
30977  ,500  ,5.58794e-008  ,-500  ,2.91229e-004
282  ,500  ,-2.5  ,-500  ,2.91228e-004
171  ,500  ,2.5  ,500  ,2.91219e-004
31500  ,500  ,-2.5  ,497.5  ,2.91189e-004
30974  ,500  ,2.5  ,-497.5  ,2.91177e-004
31498  ,500  ,5.58794e-008  ,497.5  ,2.91176e-004
30976  ,500  ,5.58794e-008  ,-497.5  ,2.91175e-004
30984  ,500  ,-2.5  ,-497.5  ,2.91173e-004
31497  ,500  ,2.5  ,497.5  ,2.91164e-004
227  ,500  ,-2.5  ,495  ,2.91135e-004
284  ,500  ,2.5  ,-495  ,2.91123e-004
31299  ,500  ,5.58794e-008  ,495  ,2.91122e-004
30983  ,500  ,5.58794e-008  ,-495  ,2.91120e-004
281  ,500  ,-2.5  ,-495  ,2.91118e-004
338  ,500  ,2.5  ,495  ,2.91110e-004
31300  ,500  ,-2.5  ,491.875  ,2.91068e-004
30971  ,500  ,2.5  ,-491.875  ,2.91055e-004
31294  ,500  ,5.58794e-008  ,491.875  ,2.91055e-004
30982  ,500  ,5.58794e-008  ,-491.875  ,2.91053e-004
30990  ,500  ,-2.5  ,-491.875  ,2.91051e-004
30752  ,500  ,2.5  ,491.875  ,2.91043e-004
228  ,500  ,-2.5  ,488.75  ,2.91001e-004
285  ,500  ,2.5  ,-488.75  ,2.90988e-004
31295  ,500  ,5.58794e-008  ,488.75  ,2.90988e-004
30989  ,500  ,5.58794e-008  ,-488.75  ,2.90986e-004
280  ,500  ,-2.5  ,-488.75  ,2.90985e-004
337  ,500  ,2.5  ,488.75  ,2.90976e-004
31296  ,500  ,-2.5  ,484.844  ,2.90918e-004
30966  ,500  ,2.5  ,-484.844  ,2.90905e-004
31287  ,500  ,5.58794e-008  ,484.844  ,2.90904e-004
30988  ,500  ,5.58794e-008  ,-484.844  ,2.90903e-004
30996  ,500  ,-2.5  ,-484.844  ,2.90901e-004
30756  ,500  ,2.5  ,484.844  ,2.90891e-004
229  ,500  ,-2.5  ,480.938  ,2.90835e-004
286  ,500  ,2.5  ,-480.938  ,2.90822e-004
31288  ,500  ,5.58794e-008  ,480.938  ,2.90821e-004
30995  ,500  ,5.58794e-008  ,-480.937  ,2.90820e-004
279  ,500  ,-2.5  ,-480.938  ,2.90818e-004
336  ,500  ,2.5  ,480.938  ,2.90807e-004
31289  ,500  ,-2.5  ,476.055  ,2.90733e-004
30962  ,500  ,2.5  ,-476.055  ,2.90719e-004
31281  ,500  ,5.58794e-008  ,476.055  ,2.90718e-004
30994  ,500  ,5.58794e-008  ,-476.055  ,2.90716e-004
31001  ,500  ,-2.5  ,-476.055  ,2.90714e-004
30761  ,500  ,2.5  ,476.055  ,2.90703e-004
230  ,500  ,-2.5  ,471.172  ,2.90631e-004
287  ,500  ,2.5  ,-471.172  ,2.90616e-004
31282  ,500  ,5.58794e-008  ,471.172  ,2.90615e-004
31000  ,500  ,5.58794e-008  ,-471.172  ,2.90614e-004
278  ,500  ,-2.5  ,-471.172  ,2.90612e-004
335  ,500  ,2.5  ,471.172  ,2.90600e-004
31509  ,497.5  ,-2.5  ,500  ,2.90526e-004
30972  ,497.5  ,2.5  ,-500  ,2.90515e-004
31501  ,497.5  ,5.58794e-008  ,500  ,2.90514e-004
30973  ,497.5  ,5.58794e-008  ,-500  ,2.90513e-004
30975  ,497.5  ,-2.5  ,-500  ,2.90511e-004
31499  ,497.5  ,2.5  ,500  ,2.90502e-004
31506  ,497.5  ,-2.5  ,497.5  ,2.90472e-004
31297  ,497.803  ,-1.27846  ,493.444  ,2.90465e-004
30969  ,497.5  ,2.5  ,-497.5  ,2.90460e-004
31495  ,497.5  ,0  ,497.5  ,2.90460e-004
30970  ,497.5  ,0  ,-497.5  ,2.90458e-004
30981  ,497.5  ,-2.5  ,-497.5  ,2.90456e-004
30747  ,497.803  ,1.22154  ,493.444  ,2.90453e-004
31494  ,497.5  ,2.5  ,497.5  ,2.90448e-004
31283  ,500  ,-2.5  ,461.406  ,2.90430e-004
30958  ,500  ,2.5  ,-461.406  ,2.90413e-004
31276  ,500  ,5.58794e-008  ,461.406  ,2.90412e-004
30999  ,500  ,5.58794e-008  ,-461.406  ,2.90411e-004
31007  ,500  ,-2.5  ,-461.406  ,2.90411e-004
31290  ,497.803  ,-1.27846  ,490.319  ,2.90398e-004
30765  ,500  ,2.5  ,461.406  ,2.90394e-004
30749  ,497.803  ,1.22154  ,490.319  ,2.90386e-004
231  ,500  ,-2.5  ,451.641  ,2.90231e-004
31277  ,500  ,5.58794e-008  ,451.641  ,2.90211e-004
277  ,500  ,-2.5  ,-451.641  ,2.90210e-004
31006  ,500  ,5.58794e-008  ,-451.641  ,2.90210e-004
288  ,500  ,2.5  ,-451.641  ,2.90210e-004
334  ,500  ,2.5  ,451.641  ,2.90191e-004
31278  ,500  ,-2.5  ,441.822  ,2.90030e-004
31298  ,496.203  ,-2.5  ,493.438  ,2.90013e-004
31014  ,500  ,-2.5  ,-441.822  ,2.90011e-004
31270  ,500  ,5.58794e-008  ,441.822  ,2.90011e-004
31005  ,500  ,5.58794e-008  ,-441.822  ,2.90009e-004
30953  ,500  ,2.5  ,-441.822  ,2.90008e-004
30968  ,496.203  ,2.5  ,-493.438  ,2.90001e-004
30980  ,496.203  ,0  ,-493.438  ,2.89998e-004
30770  ,500  ,2.5  ,441.822  ,2.89991e-004
31291  ,496.203  ,-2.5  ,490.313  ,2.89946e-004
30967  ,495.825  ,1.24542  ,-495.575  ,2.89937e-004
30978  ,495.825  ,-1.25458  ,-495.575  ,2.89935e-004
30964  ,496.203  ,2.5  ,-490.313  ,2.89933e-004
30987  ,496.203  ,0  ,-490.313  ,2.89931e-004
30979  ,495.938  ,-2.5  ,-493.703  ,2.89926e-004
30748  ,495.938  ,2.5  ,493.703  ,2.89918e-004
30986  ,495.938  ,-2.5  ,-490.578  ,2.89859e-004
30751  ,495.938  ,2.5  ,490.578  ,2.89850e-004
232  ,500  ,-2.5  ,432.004  ,2.89831e-004
276  ,500  ,-2.5  ,-432.004  ,2.89812e-004
31271  ,500  ,5.58794e-008  ,432.004  ,2.89812e-004
169  ,495  ,-2.5  ,500  ,2.89810e-004
31013  ,500  ,5.58794e-008  ,-432.004  ,2.89810e-004
289  ,500  ,2.5  ,-432.004  ,2.89807e-004
31503  ,495.303  ,-1.27846  ,495.944  ,2.89803e-004
448  ,495  ,2.5  ,-500  ,2.89798e-004
31508  ,495  ,5.58794e-008  ,500  ,2.89798e-004
30745  ,495  ,5.58794e-008  ,-500  ,2.89796e-004
5457  ,495.605  ,-0.0569127  ,491.888  ,2.89796e-004
339  ,495  ,-2.5  ,-500  ,2.89795e-004
333  ,500  ,2.5  ,432.004  ,2.89793e-004
31492  ,495.303  ,1.22154  ,495.944  ,2.89791e-004
172  ,495  ,2.5  ,500  ,2.89786e-004
31293  ,495.938  ,0  ,486.022  ,2.89765e-004
30963  ,495.938  ,0  ,-486.022  ,2.89763e-004
30985  ,495.938  ,-2.5  ,-486.022  ,2.89761e-004
30750  ,495.938  ,2.5  ,486.022  ,2.89752e-004
31286  ,495.938  ,0  ,482.116  ,2.89681e-004
30959  ,495.938  ,0  ,-482.116  ,2.89680e-004
30992  ,495.938  ,-2.5  ,-482.116  ,2.89678e-004
30755  ,495.938  ,2.5  ,482.116  ,2.89667e-004
31272  ,500  ,-2.5  ,422.186  ,2.89632e-004
31021  ,500  ,-2.5  ,-422.186  ,2.89615e-004
31265  ,500  ,5.58794e-008  ,422.186  ,2.89614e-004
31012  ,500  ,5.58794e-008  ,-422.186  ,2.89612e-004
30949  ,500  ,2.5  ,-422.186  ,2.89610e-004
31292  ,495.254  ,-2.5  ,486.797  ,2.89598e-004
30775  ,500  ,2.5  ,422.186  ,2.89596e-004
30965  ,495.254  ,2.5  ,-486.797  ,2.89586e-004
31284  ,495.938  ,-2.5  ,476.648  ,2.89580e-004
30960  ,495.938  ,2.5  ,-476.648  ,2.89566e-004
30753  ,495.938  ,0  ,476.648  ,2.89565e-004
30993  ,495.938  ,0  ,-476.648  ,2.89563e-004
30991  ,495.938  ,-2.5  ,-476.648  ,2.89561e-004
30754  ,495.938  ,2.5  ,476.648  ,2.89551e-004
31285  ,495.254  ,-2.5  ,482.891  ,2.89515e-004
30961  ,495.254  ,2.5  ,-482.891  ,2.89502e-004
31280  ,495.938  ,-2.5  ,471.765  ,2.89478e-004
30957  ,495.938  ,2.5  ,-471.765  ,2.89463e-004
30758  ,495.938  ,0  ,471.765  ,2.89462e-004
30954  ,495.938  ,0  ,-471.765  ,2.89461e-004
30997  ,495.938  ,-2.5  ,-471.765  ,2.89459e-004
30759  ,495.938  ,2.5  ,471.765  ,2.89447e-004
233  ,500  ,-2.5  ,412.368  ,2.89435e-004
275  ,500  ,-2.5  ,-412.368  ,2.89419e-004
31266  ,500  ,5.58794e-008  ,412.368  ,2.89418e-004
31020  ,500  ,5.58794e-008  ,-412.368  ,2.89417e-004
290  ,500  ,2.5  ,-412.368  ,2.89415e-004
332  ,500  ,2.5  ,412.368  ,2.89401e-004
31504  ,493.703  ,-2.5  ,495.938  ,2.89350e-004
12966  ,494.006  ,-1.27846  ,491.882  ,2.89343e-004
30208  ,493.703  ,2.5  ,-495.938  ,2.89338e-004
30207  ,493.325  ,1.24542  ,-498.075  ,2.89275e-004
30743  ,493.325  ,-1.25458  ,-498.075  ,2.89273e-004
31505  ,493.438  ,0  ,496.203  ,2.89268e-004
30744  ,493.438  ,-2.5  ,-496.203  ,2.89264e-004
29940  ,493.74  ,1.22154  ,492.147  ,2.89261e-004
31493  ,493.438  ,2.5  ,496.203  ,2.89256e-004
31267  ,500  ,-2.5  ,402.549  ,2.89238e-004
31028  ,500  ,-2.5  ,-402.549  ,2.89224e-004
31260  ,500  ,5.58794e-008  ,402.549  ,2.89222e-004
31019  ,500  ,5.58794e-008  ,-402.549  ,2.89221e-004
30946  ,500  ,2.5  ,-402.549  ,2.89220e-004
30780  ,500  ,2.5  ,402.549  ,2.89207e-004
29935  ,493.74  ,1.22154  ,487.591  ,2.89162e-004
234  ,500  ,-2.5  ,392.731  ,2.89043e-004
274  ,500  ,-2.5  ,-392.731  ,2.89031e-004
31261  ,500  ,5.58794e-008  ,392.731  ,2.89029e-004
31027  ,500  ,5.58794e-008  ,-392.731  ,2.89029e-004
291  ,500  ,2.5  ,-392.731  ,2.89027e-004
331  ,500  ,2.5  ,392.731  ,2.89015e-004
12972  ,493.057  ,-1.27846  ,488.366  ,2.88996e-004
31515  ,491.875  ,-2.5  ,500  ,2.88915e-004
30212  ,491.875  ,2.5  ,-500  ,2.88903e-004
31507  ,491.875  ,5.58794e-008  ,500  ,2.88903e-004
30740  ,491.875  ,5.58794e-008  ,-500  ,2.88901e-004
30746  ,491.875  ,-2.5  ,-500  ,2.88899e-004
31496  ,491.875  ,2.5  ,500  ,2.88891e-004
2940  ,492.406  ,-2.5  ,491.875  ,2.88891e-004
511  ,492.406  ,2.5  ,-491.875  ,2.88879e-004
31262  ,500  ,-2.5  ,382.913  ,2.88847e-004
31034  ,500  ,-2.5  ,-382.913  ,2.88837e-004
31255  ,500  ,5.58794e-008  ,382.913  ,2.88837e-004
31026  ,500  ,5.58794e-008  ,-382.913  ,2.88836e-004
30943  ,500  ,2.5  ,-382.913  ,2.88835e-004
30784  ,500  ,2.5  ,382.913  ,2.88827e-004
29818  ,492.028  ,1.24542  ,-494.012  ,2.88815e-004
29942  ,492.141  ,0  ,492.141  ,2.88808e-004
29820  ,492.141  ,0  ,-492.141  ,2.88806e-004
5453  ,491.65  ,-0.00915172  ,-496.15  ,2.88752e-004
13022  ,491.763  ,-1.25458  ,-494.278  ,2.88743e-004
2920  ,491.875  ,-2.5  ,-492.406  ,2.88734e-004
491  ,491.875  ,2.5  ,492.406  ,2.88725e-004
29819  ,492.141  ,0  ,-487.584  ,2.88708e-004
235  ,500  ,-2.5  ,373.094  ,2.88652e-004
31256  ,500  ,5.58794e-008  ,373.094  ,2.88646e-004
292  ,500  ,2.5  ,-373.094  ,2.88644e-004
273  ,500  ,-2.5  ,-373.094  ,2.88643e-004
31033  ,500  ,5.58794e-008  ,-373.094  ,2.88643e-004
330  ,500  ,2.5  ,373.094  ,2.88640e-004
13023  ,491.875  ,-2.5  ,-487.85  ,2.88635e-004
29944  ,491.875  ,2.5  ,487.85  ,2.88626e-004
12975  ,491.457  ,-2.5  ,488.359  ,2.88543e-004
2921  ,491.875  ,-2.5  ,-483.294  ,2.88538e-004
29838  ,491.457  ,2.5  ,-488.359  ,2.88531e-004
492  ,491.875  ,2.5  ,483.294  ,2.88528e-004
31257  ,500  ,-2.5  ,363.276  ,2.88460e-004
29943  ,491.191  ,0  ,488.625  ,2.88460e-004
30940  ,500  ,2.5  ,-363.276  ,2.88457e-004
31249  ,500  ,5.58794e-008  ,363.276  ,2.88457e-004
31511  ,490.578  ,-2.5  ,495.938  ,2.88454e-004
31032  ,500  ,5.58794e-008  ,-363.276  ,2.88454e-004
30787  ,500  ,2.5  ,363.276  ,2.88453e-004
31039  ,500  ,-2.5  ,-363.276  ,2.88452e-004
30211  ,490.578  ,2.5  ,-495.938  ,2.88443e-004
29936  ,491.875  ,0  ,477.826  ,2.88425e-004
29808  ,491.875  ,0  ,-477.826  ,2.88423e-004
13021  ,491.875  ,-2.5  ,-477.826  ,2.88421e-004
29939  ,491.875  ,2.5  ,477.826  ,2.88411e-004
31279  ,492.422  ,-2.5  ,468.31  ,2.88398e-004
30956  ,492.422  ,2.5  ,-468.31  ,2.88382e-004
30757  ,492.422  ,0  ,468.31  ,2.88381e-004
30955  ,492.422  ,0  ,-468.31  ,2.88380e-004
30209  ,490.2  ,1.24542  ,-498.075  ,2.88380e-004
30998  ,492.422  ,-2.5  ,-468.31  ,2.88378e-004
30736  ,490.2  ,-1.25458  ,-498.075  ,2.88378e-004
31512  ,490.313  ,0  ,496.203  ,2.88372e-004
30737  ,490.313  ,-2.5  ,-496.203  ,2.88368e-004
30760  ,492.422  ,2.5  ,468.31  ,2.88365e-004
29937  ,491.191  ,0  ,484.069  ,2.88362e-004
31489  ,490.313  ,2.5  ,496.203  ,2.88360e-004
29832  ,491.191  ,0  ,-484.069  ,2.88360e-004
2943  ,491.875  ,-2.5  ,472.359  ,2.88325e-004
514  ,491.875  ,2.5  ,-472.359  ,2.88310e-004
29933  ,491.875  ,0  ,472.359  ,2.88310e-004
29807  ,491.875  ,0  ,-472.359  ,2.88308e-004
2922  ,491.875  ,-2.5  ,-472.359  ,2.88306e-004
493  ,491.875  ,2.5  ,472.359  ,2.88294e-004
293  ,500  ,2.5  ,-353.458  ,2.88272e-004
236  ,500  ,-2.5  ,353.458  ,2.88270e-004
31250  ,500  ,5.58794e-008  ,353.458  ,2.88269e-004
329  ,500  ,2.5  ,353.458  ,2.88268e-004
31038  ,500  ,5.58794e-008  ,-353.458  ,2.88266e-004
272  ,500  ,-2.5  ,-353.458  ,2.88261e-004
12973  ,491.191  ,-2.5  ,478.601  ,2.88259e-004
29836  ,491.191  ,2.5  ,-478.601  ,2.88246e-004
31274  ,492.422  ,-2.5  ,458.545  ,2.88196e-004
2937  ,490.508  ,-2.5  ,484.844  ,2.88195e-004
508  ,490.508  ,2.5  ,-484.844  ,2.88183e-004
31275  ,492.422  ,0  ,458.545  ,2.88178e-004
30952  ,492.422  ,2.5  ,-458.545  ,2.88178e-004
30950  ,492.422  ,0  ,-458.545  ,2.88176e-004
31002  ,492.422  ,-2.5  ,-458.545  ,2.88176e-004
30763  ,492.422  ,2.5  ,458.545  ,2.88159e-004
30936  ,500  ,2.5  ,-343.64  ,2.88090e-004
31251  ,500  ,-2.5  ,343.64  ,2.88084e-004
31242  ,500  ,5.58794e-008  ,343.64  ,2.88082e-004
31037  ,500  ,5.58794e-008  ,-343.64  ,2.88082e-004
30790  ,500  ,2.5  ,343.64  ,2.88081e-004
31044  ,500  ,-2.5  ,-343.64  ,2.88074e-004
168  ,488.75  ,-2.5  ,500  ,2.88019e-004
447  ,488.75  ,2.5  ,-500  ,2.88008e-004
31514  ,488.75  ,5.58794e-008  ,500  ,2.88008e-004
30741  ,488.75  ,5.58794e-008  ,-500  ,2.88005e-004
340  ,488.75  ,-2.5  ,-500  ,2.88003e-004
173  ,488.75  ,2.5  ,500  ,2.87996e-004
31273  ,492.422  ,-2.5  ,448.545  ,2.87990e-004
30762  ,492.422  ,0  ,448.545  ,2.87971e-004
30951  ,492.422  ,2.5  ,-448.545  ,2.87970e-004
31004  ,492.422  ,0  ,-448.545  ,2.87970e-004
294  ,500  ,2.5  ,-333.821  ,2.87908e-004
237  ,500  ,-2.5  ,333.821  ,2.87901e-004
31043  ,500  ,5.58794e-008  ,-333.821  ,2.87899e-004
31243  ,500  ,5.58794e-008  ,333.821  ,2.87898e-004
328  ,500  ,2.5  ,333.821  ,2.87896e-004
271  ,500  ,-2.5  ,-333.821  ,2.87889e-004
31269  ,492.422  ,-2.5  ,438.726  ,2.87789e-004
29821  ,488.625  ,0  ,-491.191  ,2.87778e-004
30767  ,492.422  ,0  ,438.726  ,2.87770e-004
31011  ,492.422  ,0  ,-438.726  ,2.87768e-004
30948  ,492.422  ,2.5  ,-438.726  ,2.87767e-004
30931  ,500  ,2.5  ,-324.003  ,2.87728e-004
31244  ,500  ,-2.5  ,324.003  ,2.87721e-004
31235  ,500  ,5.58794e-008  ,324.003  ,2.87718e-004
31042  ,500  ,5.58794e-008  ,-324.003  ,2.87717e-004
13028  ,488.247  ,-1.25458  ,-493.329  ,2.87715e-004
30793  ,500  ,2.5  ,324.003  ,2.87714e-004
31049  ,500  ,-2.5  ,-324.003  ,2.87707e-004
13031  ,488.359  ,-2.5  ,-491.457  ,2.87705e-004
29958  ,488.359  ,2.5  ,491.457  ,2.87697e-004
13030  ,488.359  ,-2.5  ,-486.901  ,2.87607e-004
29957  ,488.359  ,2.5  ,486.901  ,2.87598e-004
31268  ,492.422  ,-2.5  ,428.726  ,2.87585e-004
12967  ,487.85  ,-2.5  ,491.875  ,2.87584e-004
29822  ,487.85  ,2.5  ,-491.875  ,2.87573e-004
30766  ,492.422  ,0  ,428.726  ,2.87566e-004
31010  ,492.422  ,0  ,-428.726  ,2.87564e-004
30947  ,492.422  ,2.5  ,-428.726  ,2.87563e-004
295  ,500  ,2.5  ,-314.185  ,2.87551e-004
238  ,500  ,-2.5  ,314.185  ,2.87544e-004
31236  ,500  ,5.58794e-008  ,314.185  ,2.87540e-004
31048  ,500  ,5.58794e-008  ,-314.185  ,2.87539e-004
327  ,500  ,2.5  ,314.185  ,2.87536e-004
270  ,500  ,-2.5  ,-314.185  ,2.87528e-004
29813  ,487.472  ,1.24542  ,-494.012  ,2.87510e-004
29941  ,487.584  ,0  ,492.141  ,2.87502e-004
29955  ,487.676  ,0  ,487.676  ,2.87431e-004
29834  ,487.676  ,0  ,-487.676  ,2.87430e-004
31264  ,492.422  ,-2.5  ,418.908  ,2.87385e-004
30926  ,500  ,2.5  ,-304.366  ,2.87374e-004
31237  ,500  ,-2.5  ,304.367  ,2.87369e-004
30772  ,492.422  ,0  ,418.908  ,2.87368e-004
31018  ,492.422  ,0  ,-418.908  ,2.87366e-004
30945  ,492.422  ,2.5  ,-418.908  ,2.87365e-004
13026  ,487.995  ,-2.5  ,-480.471  ,2.87364e-004
31228  ,500  ,5.58794e-008  ,304.366  ,2.87363e-004
31047  ,500  ,5.58794e-008  ,-304.366  ,2.87362e-004
30796  ,500  ,2.5  ,304.366  ,2.87358e-004
29952  ,487.995  ,2.5  ,480.468  ,2.87355e-004
31054  ,500  ,-2.5  ,-304.367  ,2.87350e-004
30738  ,486.797  ,-2.5  ,-495.254  ,2.87340e-004
31490  ,486.797  ,2.5  ,495.254  ,2.87332e-004
13025  ,487.995  ,-2.5  ,-475.003  ,2.87248e-004
12964  ,488.359  ,-2.5  ,468.904  ,2.87244e-004
29951  ,487.995  ,2.5  ,475  ,2.87238e-004
12974  ,486.901  ,-2.5  ,488.359  ,2.87236e-004
29810  ,488.359  ,2.5  ,-468.904  ,2.87229e-004
29932  ,488.359  ,0  ,468.904  ,2.87228e-004
29809  ,488.359  ,0  ,-468.904  ,2.87227e-004
13024  ,488.359  ,-2.5  ,-468.904  ,2.87225e-004
29837  ,486.901  ,2.5  ,-488.359  ,2.87225e-004
29938  ,487.51  ,0  ,479.813  ,2.87215e-004
29887  ,487.516  ,0  ,-479.81  ,2.87215e-004
29948  ,488.359  ,2.5  ,468.904  ,2.87213e-004
296  ,500  ,2.5  ,-294.548  ,2.87201e-004
239  ,500  ,-2.5  ,294.548  ,2.87196e-004
31229  ,500  ,5.58794e-008  ,294.548  ,2.87190e-004
29949  ,487.312  ,0  ,481.243  ,2.87189e-004
31053  ,500  ,5.58794e-008  ,-294.548  ,2.87189e-004
29833  ,487.311  ,0  ,-481.246  ,2.87187e-004
31263  ,492.422  ,-2.5  ,408.908  ,2.87184e-004
326  ,500  ,2.5  ,294.548  ,2.87184e-004
269  ,500  ,-2.5  ,-294.548  ,2.87176e-004
30771  ,492.422  ,0  ,408.908  ,2.87167e-004
31017  ,492.422  ,0  ,-408.908  ,2.87166e-004
30944  ,492.422  ,2.5  ,-408.908  ,2.87165e-004
31510  ,486.022  ,-2.5  ,495.938  ,2.87148e-004
30210  ,486.022  ,2.5  ,-495.938  ,2.87137e-004
31488  ,486.022  ,0  ,495.938  ,2.87137e-004
30739  ,486.022  ,0  ,-495.938  ,2.87135e-004
12999  ,487.51  ,-2.5  ,474.346  ,2.87114e-004
29893  ,487.516  ,2.5  ,-474.343  ,2.87101e-004
29934  ,487.51  ,0  ,474.346  ,2.87099e-004
29886  ,487.516  ,0  ,-474.343  ,2.87099e-004
13001  ,486.827  ,-2.5  ,480.588  ,2.87049e-004
29895  ,486.832  ,2.5  ,-480.585  ,2.87038e-004
30921  ,500  ,2.5  ,-284.73  ,2.87029e-004
31230  ,500  ,-2.5  ,284.73  ,2.87026e-004
31221  ,500  ,5.58794e-008  ,284.73  ,2.87018e-004
31052  ,500  ,5.58794e-008  ,-284.73  ,2.87017e-004
30799  ,500  ,2.5  ,284.73  ,2.87011e-004
31059  ,500  ,-2.5  ,-284.73  ,2.87005e-004
31259  ,492.422  ,-2.5  ,399.09  ,2.86986e-004
30777  ,492.422  ,0  ,399.09  ,2.86971e-004
31025  ,492.422  ,0  ,-399.09  ,2.86971e-004
30942  ,492.422  ,2.5  ,-399.09  ,2.86969e-004
31521  ,484.844  ,-2.5  ,500  ,2.86900e-004
30216  ,484.844  ,2.5  ,-500  ,2.86889e-004
31513  ,484.844  ,5.58794e-008  ,500  ,2.86888e-004
30733  ,484.844  ,5.58794e-008  ,-500  ,2.86886e-004
30742  ,484.844  ,-2.5  ,-500  ,2.86884e-004
31491  ,484.844  ,2.5  ,500  ,2.86877e-004
240  ,500  ,-2.5  ,274.912  ,2.86859e-004
297  ,500  ,2.5  ,-274.912  ,2.86859e-004
31222  ,500  ,5.58794e-008  ,274.912  ,2.86850e-004
31058  ,500  ,5.58794e-008  ,-274.912  ,2.86848e-004
325  ,500  ,2.5  ,274.912  ,2.86842e-004
268  ,500  ,-2.5  ,-274.912  ,2.86838e-004
31258  ,492.422  ,-2.5  ,389.09  ,2.86786e-004
30776  ,492.422  ,0  ,389.09  ,2.86773e-004
31024  ,492.422  ,0  ,-389.09  ,2.86772e-004
30941  ,492.422  ,2.5  ,-389.09  ,2.86772e-004
31003  ,488.027  ,-2.5  ,-450.352  ,2.86744e-004
30764  ,488.027  ,2.5  ,450.352  ,2.86728e-004
30916  ,500  ,2.5  ,-265.093  ,2.86695e-004
31223  ,500  ,-2.5  ,265.093  ,2.86695e-004
31214  ,500  ,5.58794e-008  ,265.093  ,2.86686e-004
31057  ,500  ,5.58794e-008  ,-265.093  ,2.86685e-004
30802  ,500  ,2.5  ,265.093  ,2.86678e-004
2917  ,484.844  ,-2.5  ,-490.508  ,2.86677e-004
31064  ,500  ,-2.5  ,-265.093  ,2.86676e-004
488  ,484.844  ,2.5  ,490.508  ,2.86669e-004
31253  ,492.422  ,-2.5  ,379.271  ,2.86589e-004
30781  ,492.422  ,0  ,379.271  ,2.86580e-004
30939  ,492.422  ,2.5  ,-379.271  ,2.86578e-004
31031  ,492.422  ,0  ,-379.271  ,2.86578e-004
31009  ,488.027  ,-2.5  ,-440.533  ,2.86542e-004
298  ,500  ,2.5  ,-255.275  ,2.86534e-004
241  ,500  ,-2.5  ,255.275  ,2.86534e-004
30769  ,488.027  ,2.5  ,440.533  ,2.86526e-004
31215  ,500  ,5.58794e-008  ,255.275  ,2.86526e-004
31063  ,500  ,5.58794e-008  ,-255.275  ,2.86525e-004
324  ,500  ,2.5  ,255.275  ,2.86517e-004
267  ,500  ,-2.5  ,-255.275  ,2.86516e-004
29954  ,484.069  ,0  ,491.191  ,2.86474e-004
29815  ,484.069  ,0  ,-491.191  ,2.86472e-004
13032  ,484.479  ,-2.5  ,-484.078  ,2.86433e-004
29959  ,484.48  ,2.5  ,484.075  ,2.86425e-004
30911  ,500  ,2.5  ,-245.457  ,2.86380e-004
31216  ,500  ,-2.5  ,245.457  ,2.86377e-004
31062  ,500  ,5.58794e-008  ,-245.457  ,2.86370e-004
31206  ,500  ,5.58794e-008  ,245.457  ,2.86369e-004
30806  ,500  ,2.5  ,245.457  ,2.86361e-004
31070  ,500  ,-2.5  ,-245.457  ,2.86359e-004
31008  ,488.027  ,-2.5  ,-430.533  ,2.86338e-004
12976  ,484.041  ,-2.5  ,484.452  ,2.86332e-004
29839  ,484.051  ,2.5  ,-484.447  ,2.86323e-004
30768  ,488.027  ,2.5  ,430.533  ,2.86322e-004
2941  ,483.294  ,-2.5  ,491.875  ,2.86278e-004
512  ,483.294  ,2.5  ,-491.875  ,2.86267e-004
299  ,500  ,2.5  ,-235.639  ,2.86230e-004
242  ,500  ,-2.5  ,235.639  ,2.86225e-004
30731  ,482.891  ,-2.5  ,-495.254  ,2.86220e-004
31069  ,500  ,5.58794e-008  ,-235.639  ,2.86218e-004
31207  ,500  ,5.58794e-008  ,235.639  ,2.86217e-004
31486  ,482.891  ,2.5  ,495.254  ,2.86214e-004
323  ,500  ,2.5  ,235.639  ,2.86209e-004
266  ,500  ,-2.5  ,-235.639  ,2.86206e-004
2918  ,484.114  ,-2.5  ,-477.648  ,2.86191e-004
489  ,484.116  ,2.5  ,477.642  ,2.86183e-004
13027  ,484.479  ,-2.5  ,-471.548  ,2.86167e-004
2944  ,484.844  ,-2.5  ,465.448  ,2.86163e-004
29953  ,484.48  ,2.5  ,471.545  ,2.86156e-004
515  ,484.844  ,2.5  ,-465.448  ,2.86147e-004
29946  ,484.844  ,0  ,465.448  ,2.86147e-004
29802  ,484.844  ,0  ,-465.448  ,2.86145e-004
2919  ,484.844  ,-2.5  ,-465.448  ,2.86144e-004
31016  ,488.027  ,-2.5  ,-420.715  ,2.86139e-004
30008  ,483.437  ,0  ,484.015  ,2.86137e-004
29835  ,483.436  ,0  ,-484.017  ,2.86135e-004
490  ,484.844  ,2.5  ,465.448  ,2.86131e-004
30774  ,488.027  ,2.5  ,420.715  ,2.86122e-004
30906  ,500  ,2.5  ,-225.82  ,2.86080e-004
31208  ,500  ,-2.5  ,225.82  ,2.86076e-004
31068  ,500  ,5.58794e-008  ,-225.82  ,2.86069e-004
31199  ,500  ,5.58794e-008  ,225.82  ,2.86069e-004
30811  ,500  ,2.5  ,225.82  ,2.86061e-004
31076  ,500  ,-2.5  ,-225.82  ,2.86057e-004
29950  ,483.631  ,0  ,476.988  ,2.86043e-004
29889  ,483.635  ,0  ,-476.988  ,2.86042e-004
12998  ,483.995  ,-2.5  ,470.891  ,2.86033e-004
31517  ,482.116  ,-2.5  ,495.938  ,2.86028e-004
29892  ,484  ,2.5  ,-470.888  ,2.86020e-004
30215  ,482.116  ,2.5  ,-495.938  ,2.86018e-004
29947  ,483.995  ,0  ,470.891  ,2.86018e-004
29888  ,484  ,0  ,-470.888  ,2.86018e-004
31484  ,482.116  ,0  ,495.938  ,2.86017e-004
30732  ,482.116  ,0  ,-495.938  ,2.86015e-004
12963  ,484.844  ,-2.5  ,455.448  ,2.85956e-004
31015  ,488.027  ,-2.5  ,-410.715  ,2.85938e-004
29945  ,484.844  ,0  ,455.448  ,2.85938e-004
29806  ,484.844  ,2.5  ,-455.448  ,2.85938e-004
29796  ,484.844  ,0  ,-455.448  ,2.85936e-004
300  ,500  ,2.5  ,-216.002  ,2.85936e-004
243  ,500  ,-2.5  ,216.002  ,2.85932e-004
31200  ,500  ,5.58794e-008  ,216.002  ,2.85926e-004
31075  ,500  ,5.58794e-008  ,-216.002  ,2.85924e-004
30773  ,488.027  ,2.5  ,410.715  ,2.85922e-004
322  ,500  ,2.5  ,216.002  ,2.85919e-004
265  ,500  ,-2.5  ,-216.002  ,2.85914e-004
2930  ,483.146  ,-2.5  ,476.333  ,2.85903e-004
501  ,483.156  ,2.5  ,-476.327  ,2.85893e-004
30902  ,500  ,2.5  ,-206.184  ,2.85796e-004
31201  ,500  ,-2.5  ,206.184  ,2.85792e-004
31194  ,500  ,5.58794e-008  ,206.184  ,2.85787e-004
31074  ,500  ,5.58794e-008  ,-206.184  ,2.85786e-004
30816  ,500  ,2.5  ,206.184  ,2.85783e-004
167  ,480.938  ,-2.5  ,500  ,2.85780e-004
31081  ,500  ,-2.5  ,-206.184  ,2.85776e-004
446  ,480.938  ,2.5  ,-500  ,2.85770e-004
31520  ,480.937  ,5.58794e-008  ,500  ,2.85769e-004
30734  ,480.937  ,5.58794e-008  ,-500  ,2.85767e-004
341  ,480.938  ,-2.5  ,-500  ,2.85764e-004
174  ,480.938  ,2.5  ,500  ,2.85759e-004
2945  ,484.844  ,-2.5  ,445.448  ,2.85750e-004
31023  ,488.027  ,-2.5  ,-400.897  ,2.85742e-004
516  ,484.844  ,2.5  ,-445.448  ,2.85730e-004
30779  ,488.027  ,2.5  ,400.897  ,2.85727e-004
301  ,500  ,2.5  ,-196.365  ,2.85661e-004
244  ,500  ,-2.5  ,196.365  ,2.85656e-004
31195  ,500  ,5.58794e-008  ,196.365  ,2.85654e-004
31080  ,500  ,5.58794e-008  ,-196.365  ,2.85653e-004
321  ,500  ,2.5  ,196.365  ,2.85652e-004
264  ,500  ,-2.5  ,-196.365  ,2.85644e-004
12961  ,484.844  ,-2.5  ,435.448  ,2.85543e-004
31022  ,488.027  ,-2.5  ,-390.897  ,2.85543e-004
30778  ,488.027  ,2.5  ,390.897  ,2.85530e-004
30898  ,500  ,2.5  ,-186.547  ,2.85529e-004
31196  ,500  ,-2.5  ,186.547  ,2.85526e-004
31189  ,500  ,5.58794e-008  ,186.547  ,2.85524e-004
29801  ,484.844  ,2.5  ,-435.448  ,2.85524e-004
30821  ,500  ,2.5  ,186.547  ,2.85523e-004
31079  ,500  ,5.58794e-008  ,-186.547  ,2.85523e-004
31086  ,500  ,-2.5  ,-186.547  ,2.85516e-004
302  ,500  ,2.5  ,-176.729  ,2.85403e-004
245  ,500  ,-2.5  ,176.729  ,2.85402e-004
31190  ,500  ,5.58794e-008  ,176.729  ,2.85401e-004
320  ,500  ,2.5  ,176.729  ,2.85400e-004
31085  ,500  ,5.58794e-008  ,-176.729  ,2.85399e-004
263  ,500  ,-2.5  ,-176.729  ,2.85395e-004
13057  ,480.604  ,-2.5  ,-486.849  ,2.85382e-004
30014  ,480.605  ,2.5  ,486.847  ,2.85375e-004
12970  ,480.434  ,-2.5  ,487.968  ,2.85373e-004
29830  ,480.444  ,2.5  ,-487.963  ,2.85365e-004
31030  ,488.027  ,-2.5  ,-381.078  ,2.85347e-004
30783  ,488.027  ,2.5  ,381.078  ,2.85339e-004
2946  ,484.844  ,-2.5  ,425.448  ,2.85339e-004
517  ,484.844  ,2.5  ,-425.448  ,2.85319e-004
30893  ,500  ,2.5  ,-166.911  ,2.85285e-004
31191  ,500  ,-2.5  ,166.911  ,2.85284e-004
31184  ,500  ,5.58794e-008  ,166.911  ,2.85283e-004
31084  ,500  ,5.58794e-008  ,-166.911  ,2.85282e-004
30826  ,500  ,2.5  ,166.911  ,2.85281e-004
31091  ,500  ,-2.5  ,-166.911  ,2.85279e-004
30934  ,490  ,2.5  ,-346.729  ,2.85258e-004
31245  ,490  ,-2.5  ,346.729  ,2.85253e-004
31247  ,490  ,0  ,346.729  ,2.85251e-004
30932  ,490  ,0  ,-346.729  ,2.85251e-004
30785  ,490  ,2.5  ,346.729  ,2.85250e-004
31035  ,490  ,-2.5  ,-346.729  ,2.85243e-004
13000  ,480.36  ,-2.5  ,480.197  ,2.85186e-004
30005  ,479.83  ,0  ,487.53  ,2.85179e-004
29894  ,480.375  ,2.5  ,-480.189  ,2.85178e-004
29816  ,479.829  ,0  ,-487.533  ,2.85177e-004
246  ,500  ,-2.5  ,157.092  ,2.85173e-004
303  ,500  ,2.5  ,-157.092  ,2.85172e-004
31185  ,500  ,5.58794e-008  ,157.092  ,2.85171e-004
31090  ,500  ,5.58794e-008  ,-157.092  ,2.85169e-004
319  ,500  ,2.5  ,157.092  ,2.85168e-004
262  ,500  ,-2.5  ,-157.092  ,2.85167e-004
31252  ,488.027  ,-2.5  ,371.078  ,2.85159e-004
31254  ,488.027  ,0  ,371.078  ,2.85152e-004
30938  ,488.027  ,2.5  ,-371.078  ,2.85152e-004
30937  ,488.027  ,0  ,-371.078  ,2.85151e-004
31029  ,488.027  ,-2.5  ,-371.078  ,2.85149e-004
30782  ,488.027  ,2.5  ,371.078  ,2.85146e-004
13056  ,480.239  ,-2.5  ,-480.419  ,2.85139e-004
12958  ,484.844  ,-2.5  ,415.448  ,2.85135e-004
30013  ,480.241  ,2.5  ,480.414  ,2.85132e-004
29795  ,484.844  ,2.5  ,-415.448  ,2.85116e-004
30929  ,490  ,2.5  ,-336.911  ,2.85075e-004
31239  ,490  ,-2.5  ,336.911  ,2.85067e-004
31186  ,500  ,-2.5  ,147.274  ,2.85065e-004
30927  ,490  ,0  ,-336.911  ,2.85065e-004
31241  ,490  ,0  ,336.911  ,2.85065e-004
30888  ,500  ,2.5  ,-147.274  ,2.85064e-004
30789  ,490  ,2.5  ,336.911  ,2.85063e-004
31179  ,500  ,5.58794e-008  ,147.274  ,2.85063e-004
31089  ,500  ,5.58794e-008  ,-147.274  ,2.85063e-004
31097  ,500  ,-2.5  ,-147.274  ,2.85061e-004
30830  ,500  ,2.5  ,147.274  ,2.85060e-004
31040  ,490  ,-2.5  ,-336.911  ,2.85056e-004
30010  ,479.755  ,0  ,479.759  ,2.84991e-004
29891  ,479.76  ,0  ,-479.759  ,2.84990e-004
31246  ,488.027  ,-2.5  ,361.26  ,2.84966e-004
247  ,500  ,-2.5  ,137.456  ,2.84965e-004
304  ,500  ,2.5  ,-137.456  ,2.84963e-004
30935  ,488.027  ,2.5  ,-361.26  ,2.84963e-004
31180  ,500  ,5.58794e-008  ,137.456  ,2.84962e-004
31096  ,500  ,5.58794e-008  ,-137.456  ,2.84962e-004
261  ,500  ,-2.5  ,-137.456  ,2.84961e-004
31248  ,488.027  ,0  ,361.26  ,2.84961e-004
318  ,500  ,2.5  ,137.456  ,2.84960e-004
30933  ,488.027  ,0  ,-361.26  ,2.84960e-004
30786  ,488.027  ,2.5  ,361.26  ,2.84957e-004
31036  ,488.027  ,-2.5  ,-361.26  ,2.84956e-004
2947  ,484.844  ,-2.5  ,405.448  ,2.84932e-004
518  ,484.844  ,2.5  ,-405.448  ,2.84915e-004
13029  ,478.601  ,-2.5  ,-491.191  ,2.84902e-004
29956  ,478.601  ,2.5  ,491.191  ,2.84897e-004
30930  ,490  ,2.5  ,-326.911  ,2.84889e-004
31238  ,490  ,-2.5  ,326.911  ,2.84881e-004
31240  ,490  ,0  ,326.911  ,2.84879e-004
30928  ,490  ,0  ,-326.911  ,2.84878e-004
30788  ,490  ,2.5  ,326.911  ,2.84876e-004
31181  ,500  ,-2.5  ,127.638  ,2.84871e-004
31173  ,500  ,5.58794e-008  ,127.638  ,2.84869e-004
30883  ,500  ,2.5  ,-127.638  ,2.84868e-004
31041  ,490  ,-2.5  ,-326.911  ,2.84868e-004
31095  ,500  ,5.58794e-008  ,-127.638  ,2.84867e-004
31104  ,500  ,-2.5  ,-127.638  ,2.84867e-004
30833  ,500  ,2.5  ,127.638  ,2.84867e-004
248  ,500  ,-2.5  ,117.819  ,2.84783e-004
31174  ,500  ,5.58794e-008  ,117.819  ,2.84781e-004
305  ,500  ,2.5  ,-117.819  ,2.84779e-004
31103  ,500  ,5.58794e-008  ,-117.819  ,2.84779e-004
260  ,500  ,-2.5  ,-117.819  ,2.84779e-004
317  ,500  ,2.5  ,117.819  ,2.84779e-004
13052  ,479.365  ,-2.5  ,-474.208  ,2.84756e-004
30002  ,479.372  ,2.5  ,474.185  ,2.84748e-004
29996  ,479.736  ,0  ,468.088  ,2.84737e-004
29804  ,479.73  ,0  ,-468.108  ,2.84734e-004
13051  ,479.73  ,-2.5  ,-468.108  ,2.84732e-004
12955  ,484.844  ,-2.5  ,395.448  ,2.84730e-004
30001  ,479.736  ,2.5  ,468.088  ,2.84722e-004
29790  ,484.844  ,2.5  ,-395.448  ,2.84715e-004
29990  ,480.449  ,0  ,457.255  ,2.84714e-004
29803  ,480.449  ,0  ,-457.255  ,2.84712e-004
13047  ,480.449  ,-2.5  ,-457.255  ,2.84710e-004
12965  ,477.826  ,-2.5  ,491.875  ,2.84709e-004
30924  ,490  ,2.5  ,-317.092  ,2.84708e-004
31232  ,490  ,-2.5  ,317.092  ,2.84702e-004
31175  ,500  ,-2.5  ,108.001  ,2.84702e-004
29817  ,477.826  ,2.5  ,-491.875  ,2.84700e-004
29930  ,477.826  ,0  ,491.875  ,2.84700e-004
31166  ,500  ,5.58794e-008  ,108.001  ,2.84699e-004
31111  ,500  ,-2.5  ,-108.001  ,2.84699e-004
31234  ,490  ,0  ,317.092  ,2.84698e-004
31102  ,500  ,5.58794e-008  ,-108.001  ,2.84698e-004
29814  ,477.826  ,0  ,-491.875  ,2.84697e-004
30837  ,500  ,2.5  ,108.001  ,2.84697e-004
29993  ,480.449  ,2.5  ,457.255  ,2.84697e-004
30922  ,490  ,0  ,-317.092  ,2.84697e-004
30879  ,500  ,2.5  ,-108.001  ,2.84697e-004
30792  ,490  ,2.5  ,317.092  ,2.84694e-004
31045  ,490  ,-2.5  ,-317.092  ,2.84686e-004
249  ,500  ,-2.5  ,98.1827  ,2.84628e-004
259  ,500  ,-2.5  ,-98.1827  ,2.84627e-004
31167  ,500  ,5.58794e-008  ,98.1827  ,2.84625e-004
31110  ,500  ,5.58794e-008  ,-98.1827  ,2.84624e-004
316  ,500  ,2.5  ,98.1827  ,2.84622e-004
306  ,500  ,2.5  ,-98.1827  ,2.84621e-004
29998  ,478.887  ,0  ,473.53  ,2.84609e-004
29890  ,478.887  ,0  ,-473.548  ,2.84607e-004
31168  ,500  ,-2.5  ,88.3645  ,2.84562e-004
31118  ,500  ,-2.5  ,-88.3645  ,2.84559e-004
31160  ,500  ,5.58794e-008  ,88.3645  ,2.84557e-004
31109  ,500  ,5.58794e-008  ,-88.3645  ,2.84556e-004
30842  ,500  ,2.5  ,88.3645  ,2.84553e-004
30876  ,500  ,2.5  ,-88.3645  ,2.84553e-004
2948  ,484.844  ,-2.5  ,385.448  ,2.84529e-004
30925  ,490  ,2.5  ,-307.092  ,2.84527e-004
31231  ,490  ,-2.5  ,307.092  ,2.84521e-004
31233  ,490  ,0  ,307.092  ,2.84516e-004
519  ,484.844  ,2.5  ,-385.448  ,2.84516e-004
30923  ,490  ,0  ,-307.092  ,2.84515e-004
30791  ,490  ,2.5  ,307.092  ,2.84512e-004
29989  ,480.449  ,0  ,447.255  ,2.84506e-004
29798  ,480.449  ,0  ,-447.255  ,2.84504e-004
31046  ,490  ,-2.5  ,-307.092  ,2.84503e-004
250  ,500  ,-2.5  ,78.5462  ,2.84502e-004
258  ,500  ,-2.5  ,-78.5462  ,2.84498e-004
31161  ,500  ,5.58794e-008  ,78.5462  ,2.84496e-004
31117  ,500  ,5.58794e-008  ,-78.5462  ,2.84495e-004
307  ,500  ,2.5  ,-78.5462  ,2.84491e-004
315  ,500  ,2.5  ,78.5462  ,2.84491e-004
2938  ,477.574  ,-2.5  ,484.06  ,2.84469e-004
509  ,477.594  ,2.5  ,-484.051  ,2.84463e-004
31516  ,476.648  ,-2.5  ,495.938  ,2.84460e-004
30214  ,476.648  ,2.5  ,-495.938  ,2.84451e-004
31518  ,476.648  ,0  ,495.938  ,2.84451e-004
31162  ,500  ,-2.5  ,68.7279  ,2.84449e-004
30213  ,476.648  ,0  ,-495.938  ,2.84449e-004
30730  ,476.648  ,-2.5  ,-495.938  ,2.84446e-004
31125  ,500  ,-2.5  ,-68.7279  ,2.84444e-004
31485  ,476.648  ,2.5  ,495.938  ,2.84442e-004
31155  ,500  ,5.58794e-008  ,68.7279  ,2.84442e-004
31116  ,500  ,5.58794e-008  ,-68.7279  ,2.84441e-004
30873  ,500  ,2.5  ,-68.7279  ,2.84438e-004
30846  ,500  ,2.5  ,68.7279  ,2.84434e-004
251  ,500  ,-2.5  ,58.9096  ,2.84404e-004
257  ,500  ,-2.5  ,-58.9096  ,2.84396e-004
31156  ,500  ,5.58794e-008  ,58.9097  ,2.84394e-004
31124  ,500  ,5.58794e-008  ,-58.9097  ,2.84393e-004
308  ,500  ,2.5  ,-58.9096  ,2.84391e-004
314  ,500  ,2.5  ,58.9096  ,2.84384e-004
31528  ,476.055  ,-2.5  ,500  ,2.84378e-004
30219  ,476.055  ,2.5  ,-500  ,2.84371e-004
31519  ,476.055  ,5.58794e-008  ,500  ,2.84370e-004
30727  ,476.055  ,5.58794e-008  ,-500  ,2.84368e-004
30735  ,476.055  ,-2.5  ,-500  ,2.84366e-004
31157  ,500  ,-2.5  ,49.0914  ,2.84363e-004
31487  ,476.055  ,2.5  ,500  ,2.84362e-004
31132  ,500  ,-2.5  ,-49.0914  ,2.84356e-004
31123  ,500  ,5.58794e-008  ,-49.0913  ,2.84355e-004
31150  ,500  ,5.58794e-008  ,49.0914  ,2.84354e-004
30870  ,500  ,2.5  ,-49.0914  ,2.84353e-004
30919  ,490  ,2.5  ,-297.274  ,2.84352e-004
31225  ,490  ,-2.5  ,297.274  ,2.84346e-004
30851  ,500  ,2.5  ,49.0914  ,2.84344e-004
31227  ,490  ,0  ,297.274  ,2.84340e-004
30917  ,490  ,0  ,-297.274  ,2.84339e-004
30795  ,490  ,2.5  ,297.274  ,2.84335e-004
252  ,500  ,-2.5  ,39.2731  ,2.84330e-004
31050  ,490  ,-2.5  ,-297.274  ,2.84327e-004
256  ,500  ,-2.5  ,-39.2731  ,2.84323e-004
31131  ,500  ,5.58794e-008  ,-39.2731  ,2.84322e-004
309  ,500  ,2.5  ,-39.2731  ,2.84321e-004
31151  ,500  ,5.58794e-008  ,39.2731  ,2.84321e-004
313  ,500  ,2.5  ,39.2731  ,2.84311e-004
31152  ,500  ,-2.5  ,29.4548  ,2.84303e-004
29983  ,480.449  ,0  ,437.255  ,2.84299e-004
31138  ,500  ,-2.5  ,-29.4548  ,2.84298e-004
29797  ,480.449  ,0  ,-437.255  ,2.84298e-004
31130  ,500  ,5.58794e-008  ,-29.4548  ,2.84296e-004
31145  ,500  ,5.58794e-008  ,29.4548  ,2.84295e-004
30867  ,500  ,2.5  ,-29.4548  ,2.84295e-004
30856  ,500  ,2.5  ,29.4548  ,2.84288e-004
253  ,500  ,-2.5  ,19.6365  ,2.84283e-004
255  ,500  ,-2.5  ,-19.6365  ,2.84280e-004
31137  ,500  ,5.58794e-008  ,-19.6366  ,2.84278e-004
31146  ,500  ,5.58794e-008  ,19.6365  ,2.84277e-004
29828  ,476.979  ,0  ,-483.621  ,2.84275e-004
310  ,500  ,2.5  ,-19.6365  ,2.84275e-004
30007  ,476.97  ,0  ,483.623  ,2.84275e-004
312  ,500  ,2.5  ,19.6365  ,2.84272e-004
31147  ,500  ,-2.5  ,9.81827  ,2.84271e-004
31142  ,500  ,-2.5  ,-9.81827  ,2.84270e-004
31136  ,500  ,5.58794e-008  ,-9.81832  ,2.84266e-004
254  ,500  ,-2.5  ,0  ,2.84266e-004
31140  ,500  ,5.58794e-008  ,9.81826  ,2.84266e-004
30864  ,500  ,2.5  ,-9.81826  ,2.84263e-004
31141  ,500  ,5.58794e-008  ,0  ,2.84262e-004
30860  ,500  ,2.5  ,9.81829  ,2.84261e-004
311  ,500  ,2.5  ,0  ,2.84258e-004
30920  ,490  ,2.5  ,-287.274  ,2.84175e-004
31224  ,490  ,-2.5  ,287.274  ,2.84170e-004
29882  ,477.617  ,2.5  ,-469.809  ,2.84166e-004
31226  ,490  ,0  ,287.274  ,2.84164e-004
30918  ,490  ,0  ,-287.274  ,2.84162e-004
12994  ,477.544  ,-2.5  ,469.84  ,2.84160e-004
30794  ,490  ,2.5  ,287.274  ,2.84157e-004
31051  ,490  ,-2.5  ,-287.274  ,2.84150e-004
29982  ,480.449  ,0  ,427.255  ,2.84094e-004
29792  ,480.449  ,0  ,-427.255  ,2.84092e-004
2910  ,476.364  ,-2.5  ,-483.19  ,2.84088e-004
481  ,476.365  ,2.5  ,483.186  ,2.84081e-004
29896  ,476.773  ,2.5  ,-475.248  ,2.84040e-004
13002  ,476.695  ,-2.5  ,475.282  ,2.84030e-004
30914  ,490  ,2.5  ,-277.456  ,2.84003e-004
31218  ,490  ,-2.5  ,277.456  ,2.84001e-004
31220  ,490  ,0  ,277.456  ,2.83994e-004
30912  ,490  ,0  ,-277.456  ,2.83992e-004
30798  ,490  ,2.5  ,277.456  ,2.83986e-004
31055  ,490  ,-2.5  ,-277.456  ,2.83981e-004
29976  ,480.449  ,0  ,417.255  ,2.83890e-004
29791  ,480.449  ,0  ,-417.255  ,2.83889e-004
30915  ,490  ,2.5  ,-267.456  ,2.83833e-004
31217  ,490  ,-2.5  ,267.456  ,2.83832e-004
31219  ,490  ,0  ,267.456  ,2.83824e-004
30913  ,490  ,0  ,-267.456  ,2.83823e-004
30797  ,490  ,2.5  ,267.456  ,2.83817e-004
31056  ,490  ,-2.5  ,-267.456  ,2.83813e-004
12969  ,474.966  ,-2.5  ,487.968  ,2.83805e-004
29829  ,474.976  ,2.5  ,-487.963  ,2.83798e-004
13058  ,475.49  ,-2.5  ,-476.979  ,2.83704e-004
30015  ,475.497  ,2.5  ,476.957  ,2.83697e-004
29975  ,480.449  ,0  ,407.255  ,2.83688e-004
29787  ,480.449  ,0  ,-407.255  ,2.83686e-004
30909  ,490  ,2.5  ,-257.638  ,2.83670e-004
31211  ,490  ,-2.5  ,257.638  ,2.83668e-004
31213  ,490  ,0  ,257.638  ,2.83661e-004
30907  ,490  ,0  ,-257.638  ,2.83660e-004
30801  ,490  ,2.5  ,257.638  ,2.83654e-004
31060  ,490  ,-2.5  ,-257.638  ,2.83651e-004
30004  ,474.362  ,0  ,487.53  ,2.83612e-004
29812  ,474.361  ,0  ,-487.533  ,2.83610e-004
13055  ,474.361  ,-2.5  ,-487.533  ,2.83608e-004
30012  ,474.362  ,2.5  ,487.53  ,2.83603e-004
30910  ,490  ,2.5  ,-247.638  ,2.83510e-004
31210  ,490  ,-2.5  ,247.638  ,2.83507e-004
30908  ,490  ,0  ,-247.638  ,2.83500e-004
31212  ,490  ,0  ,247.638  ,2.83499e-004
30800  ,490  ,2.5  ,247.638  ,2.83492e-004
31061  ,490  ,-2.5  ,-247.638  ,2.83490e-004
29969  ,480.449  ,0  ,397.255  ,2.83486e-004
29786  ,480.449  ,0  ,-397.255  ,2.83485e-004
30904  ,490  ,2.5  ,-237.819  ,2.83356e-004
31204  ,490  ,-2.5  ,237.819  ,2.83352e-004
30903  ,490  ,0  ,-237.819  ,2.83345e-004
31205  ,490  ,0  ,237.819  ,2.83345e-004
30805  ,490  ,2.5  ,237.819  ,2.83338e-004
31065  ,490  ,-2.5  ,-237.819  ,2.83334e-004
29884  ,473.992  ,2.5  ,-479.11  ,2.83325e-004
2911  ,474.617  ,-2.5  ,-470.768  ,2.83321e-004
482  ,474.629  ,2.5  ,470.728  ,2.83315e-004
12996  ,473.909  ,-2.5  ,479.146  ,2.83313e-004
13053  ,475.336  ,-2.5  ,-459.915  ,2.83298e-004
30003  ,475.342  ,2.5  ,459.895  ,2.83288e-004
29968  ,480.449  ,0  ,387.255  ,2.83286e-004
29782  ,480.449  ,0  ,-387.255  ,2.83285e-004
2912  ,476.055  ,-2.5  ,-449.063  ,2.83278e-004
483  ,476.055  ,2.5  ,449.063  ,2.83264e-004
29800  ,476.343  ,2.5  ,-441.335  ,2.83204e-004
30905  ,490  ,2.5  ,-227.819  ,2.83202e-004
31203  ,490  ,-2.5  ,227.819  ,2.83199e-004
30803  ,490  ,0  ,227.819  ,2.83192e-004
31067  ,490  ,0  ,-227.819  ,2.83191e-004
30804  ,490  ,2.5  ,227.819  ,2.83185e-004
31066  ,490  ,-2.5  ,-227.819  ,2.83181e-004
31209  ,488.79  ,-1.13538  ,247.04  ,2.83142e-004
2942  ,472.359  ,-2.5  ,491.875  ,2.83141e-004
29880  ,473.377  ,0  ,-478.679  ,2.83137e-004
513  ,472.359  ,2.5  ,-491.875  ,2.83133e-004
29929  ,472.359  ,0  ,491.875  ,2.83133e-004
29811  ,472.359  ,0  ,-491.875  ,2.83131e-004
2923  ,472.359  ,-2.5  ,-491.875  ,2.83129e-004
494  ,472.359  ,2.5  ,491.875  ,2.83126e-004
30009  ,473.305  ,0  ,478.708  ,2.83119e-004
12952  ,480.449  ,-2.5  ,377.255  ,2.83098e-004
29962  ,480.449  ,0  ,377.255  ,2.83088e-004
29785  ,480.449  ,2.5  ,-377.255  ,2.83087e-004
29781  ,480.449  ,0  ,-377.255  ,2.83086e-004
13048  ,476.055  ,-2.5  ,-439.062  ,2.83071e-004
31522  ,471.765  ,-2.5  ,495.938  ,2.83058e-004
29994  ,476.055  ,2.5  ,439.062  ,2.83056e-004
30900  ,490  ,2.5  ,-218.001  ,2.83055e-004
31198  ,490  ,-2.5  ,218.001  ,2.83052e-004
31525  ,471.765  ,0  ,495.938  ,2.83052e-004
30217  ,471.765  ,2.5  ,-495.938  ,2.83052e-004
30725  ,471.765  ,0  ,-495.938  ,2.83050e-004
30724  ,471.765  ,-2.5  ,-495.938  ,2.83048e-004
31482  ,471.765  ,2.5  ,495.938  ,2.83046e-004
30808  ,490  ,0  ,218.001  ,2.83046e-004
31073  ,490  ,0  ,-218.001  ,2.83045e-004
30810  ,490  ,2.5  ,218.001  ,2.83040e-004
31071  ,490  ,-2.5  ,-218.001  ,2.83035e-004
29793  ,476.343  ,2.5  ,-431.335  ,2.82997e-004
31202  ,488.79  ,-1.13538  ,237.222  ,2.82987e-004
166  ,471.172  ,-2.5  ,500  ,2.82976e-004
445  ,471.172  ,2.5  ,-500  ,2.82972e-004
31527  ,471.172  ,5.58794e-008  ,500  ,2.82971e-004
30728  ,471.172  ,5.58794e-008  ,-500  ,2.82970e-004
342  ,471.172  ,-2.5  ,-500  ,2.82968e-004
175  ,471.172  ,2.5  ,500  ,2.82967e-004
29805  ,473.97  ,2.5  ,-461.055  ,2.82935e-004
30901  ,490  ,2.5  ,-208.001  ,2.82911e-004
31197  ,490  ,-2.5  ,208.001  ,2.82908e-004
30807  ,490  ,0  ,208.001  ,2.82903e-004
30899  ,490  ,0  ,-208.001  ,2.82902e-004
30809  ,490  ,2.5  ,208.001  ,2.82898e-004
31072  ,490  ,-2.5  ,-208.001  ,2.82893e-004
2913  ,476.055  ,-2.5  ,-429.063  ,2.82865e-004
484  ,476.055  ,2.5  ,429.063  ,2.82850e-004
30896  ,490  ,2.5  ,-198.183  ,2.82775e-004
31193  ,490  ,-2.5  ,198.183  ,2.82770e-004
30813  ,490  ,0  ,198.183  ,2.82767e-004
30894  ,490  ,0  ,-198.183  ,2.82766e-004
30815  ,490  ,2.5  ,198.183  ,2.82764e-004
31077  ,490  ,-2.5  ,-198.183  ,2.82758e-004
12962  ,473.283  ,-2.5  ,461.283  ,2.82758e-004
29879  ,472.503  ,0  ,-472.469  ,2.82753e-004
12971  ,471.511  ,-2.5  ,484.452  ,2.82737e-004
29997  ,472.436  ,0  ,472.48  ,2.82737e-004
29831  ,471.521  ,2.5  ,-484.447  ,2.82732e-004
29799  ,473.97  ,2.5  ,-451.055  ,2.82725e-004
13044  ,476.055  ,-2.5  ,-419.063  ,2.82660e-004
29986  ,476.055  ,2.5  ,419.063  ,2.82646e-004
30897  ,490  ,2.5  ,-188.183  ,2.82640e-004
31192  ,490  ,-2.5  ,188.183  ,2.82636e-004
30812  ,490  ,0  ,188.183  ,2.82634e-004
30895  ,490  ,0  ,-188.183  ,2.82632e-004
30814  ,490  ,2.5  ,188.183  ,2.82632e-004
31078  ,490  ,-2.5  ,-188.183  ,2.82625e-004
12960  ,473.283  ,-2.5  ,451.283  ,2.82550e-004
30006  ,470.907  ,0  ,484.015  ,2.82546e-004
29826  ,470.906  ,0  ,-484.017  ,2.82544e-004
13054  ,470.906  ,-2.5  ,-484.017  ,2.82541e-004
30011  ,470.907  ,2.5  ,484.015  ,2.82538e-004
30891  ,490  ,2.5  ,-178.364  ,2.82512e-004
31188  ,490  ,-2.5  ,178.364  ,2.82510e-004
30818  ,490  ,0  ,178.364  ,2.82509e-004
30820  ,490  ,2.5  ,178.364  ,2.82507e-004
30889  ,490  ,0  ,-178.364  ,2.82507e-004
31082  ,490  ,-2.5  ,-178.364  ,2.82501e-004
2914  ,476.055  ,-2.5  ,-409.062  ,2.82457e-004
485  ,476.055  ,2.5  ,409.062  ,2.82444e-004
12959  ,473.609  ,-2.5  ,440.218  ,2.82414e-004
30892  ,490  ,2.5  ,-168.364  ,2.82389e-004
31187  ,490  ,-2.5  ,168.364  ,2.82388e-004
30817  ,490  ,0  ,168.364  ,2.82387e-004
30819  ,490  ,2.5  ,168.364  ,2.82386e-004
30890  ,490  ,0  ,-168.364  ,2.82385e-004
31083  ,490  ,-2.5  ,-168.364  ,2.82381e-004
31183  ,490  ,-2.5  ,158.546  ,2.82275e-004
30886  ,490  ,2.5  ,-158.546  ,2.82274e-004
30823  ,490  ,0  ,158.546  ,2.82272e-004
30884  ,490  ,0  ,-158.546  ,2.82272e-004
30825  ,490  ,2.5  ,158.546  ,2.82270e-004
31087  ,490  ,-2.5  ,-158.546  ,2.82269e-004
29789  ,475.924  ,2.5  ,-401.536  ,2.82269e-004
13041  ,476.055  ,-2.5  ,-399.062  ,2.82256e-004
29979  ,476.055  ,2.5  ,399.062  ,2.82243e-004
1727  ,480  ,2.5  ,-340  ,2.82242e-004
4122  ,480  ,-2.5  ,340  ,2.82236e-004
21344  ,480  ,0  ,340  ,2.82234e-004
21225  ,480  ,0  ,-340  ,2.82233e-004
1693  ,480  ,2.5  ,340  ,2.82232e-004
4156  ,480  ,-2.5  ,-340  ,2.82225e-004
12957  ,473.609  ,-2.5  ,430.218  ,2.82207e-004
502  ,470.39  ,2.5  ,-474.169  ,2.82186e-004
31182  ,490  ,-2.5  ,148.546  ,2.82164e-004
30887  ,490  ,2.5  ,-148.546  ,2.82163e-004
30822  ,490  ,0  ,148.546  ,2.82161e-004
30885  ,490  ,0  ,-148.546  ,2.82161e-004
31088  ,490  ,-2.5  ,-148.546  ,2.82159e-004
30824  ,490  ,2.5  ,148.546  ,2.82159e-004
13050  ,470.033  ,-2.5  ,-477.806  ,2.82157e-004
2931  ,470.244  ,-2.5  ,474.231  ,2.82157e-004
30000  ,470.039  ,2.5  ,477.786  ,2.82153e-004
12968  ,468.904  ,-2.5  ,488.359  ,2.82073e-004
29783  ,475.924  ,2.5  ,-391.536  ,2.82067e-004
29827  ,468.904  ,2.5  ,-488.359  ,2.82066e-004
29923  ,468.904  ,0  ,488.359  ,2.82066e-004
29825  ,468.904  ,0  ,-488.359  ,2.82064e-004
31177  ,490  ,-2.5  ,138.728  ,2.82062e-004
13020  ,468.904  ,-2.5  ,-488.359  ,2.82062e-004
29931  ,468.904  ,2.5  ,488.359  ,2.82061e-004
30881  ,490  ,2.5  ,-138.728  ,2.82061e-004
30827  ,490  ,0  ,138.728  ,2.82059e-004
30880  ,490  ,0  ,-138.728  ,2.82059e-004
31092  ,490  ,-2.5  ,-138.728  ,2.82057e-004
30829  ,490  ,2.5  ,138.728  ,2.82056e-004
2915  ,476.055  ,-2.5  ,-389.062  ,2.82055e-004
21232  ,480  ,2.5  ,-330  ,2.82055e-004
9125  ,480  ,-2.5  ,330  ,2.82047e-004
21342  ,480  ,0  ,330  ,2.82045e-004
21227  ,480  ,0  ,-330  ,2.82044e-004
486  ,476.055  ,2.5  ,389.062  ,2.82044e-004
21347  ,480  ,2.5  ,330  ,2.82043e-004
9080  ,480  ,-2.5  ,-330  ,2.82034e-004
31523  ,468.31  ,-2.5  ,492.422  ,2.81990e-004
31524  ,468.31  ,0  ,492.422  ,2.81985e-004
30218  ,468.31  ,2.5  ,-492.422  ,2.81985e-004
30726  ,468.31  ,0  ,-492.422  ,2.81983e-004
31481  ,468.31  ,2.5  ,492.422  ,2.81981e-004
30723  ,468.31  ,-2.5  ,-492.422  ,2.81981e-004
21356  ,471.948  ,0  ,-443.142  ,2.81977e-004
31176  ,490  ,-2.5  ,128.728  ,2.81965e-004
30882  ,490  ,2.5  ,-128.728  ,2.81962e-004
31178  ,490  ,0  ,128.728  ,2.81962e-004
31094  ,490  ,0  ,-128.728  ,2.81961e-004
31093  ,490  ,-2.5  ,-128.728  ,2.81960e-004
30828  ,490  ,2.5  ,128.728  ,2.81959e-004
12947  ,478.027  ,-2.5  ,354.531  ,2.81949e-004
29778  ,478.027  ,2.5  ,-354.531  ,2.81948e-004
21346  ,478.027  ,0  ,354.531  ,2.81944e-004
29775  ,478.027  ,0  ,-354.531  ,2.81943e-004
29963  ,478.027  ,2.5  ,354.531  ,2.81940e-004
13033  ,478.027  ,-2.5  ,-354.531  ,2.81937e-004
29794  ,473.313  ,2.5  ,-421.685  ,2.81928e-004
12956  ,473.304  ,-2.5  ,419.726  ,2.81903e-004
31170  ,490  ,-2.5  ,118.91  ,2.81876e-004
31172  ,490  ,0  ,118.91  ,2.81873e-004
30877  ,490  ,2.5  ,-118.91  ,2.81872e-004
31100  ,490  ,0  ,-118.91  ,2.81871e-004
31098  ,490  ,-2.5  ,-118.91  ,2.81871e-004
30832  ,490  ,2.5  ,118.91  ,2.81870e-004
1726  ,480  ,2.5  ,-320  ,2.81869e-004
4123  ,480  ,-2.5  ,320  ,2.81861e-004
21341  ,480  ,0  ,320  ,2.81858e-004
21228  ,480  ,0  ,-320  ,2.81857e-004
1694  ,480  ,2.5  ,320  ,2.81856e-004
13038  ,476.055  ,-2.5  ,-379.062  ,2.81855e-004
29972  ,476.055  ,2.5  ,379.062  ,2.81847e-004
4155  ,480  ,-2.5  ,-320  ,2.81846e-004
31169  ,490  ,-2.5  ,108.91  ,2.81792e-004
31171  ,490  ,0  ,108.91  ,2.81789e-004
31099  ,490  ,-2.5  ,-108.91  ,2.81787e-004
31101  ,490  ,0  ,-108.91  ,2.81787e-004
30878  ,490  ,2.5  ,-108.91  ,2.81787e-004
30831  ,490  ,2.5  ,108.91  ,2.81786e-004
21355  ,471.948  ,0  ,-433.142  ,2.81770e-004
29788  ,473.313  ,2.5  ,-411.685  ,2.81724e-004
31164  ,490  ,-2.5  ,99.0914  ,2.81717e-004
31105  ,490  ,-2.5  ,-99.0914  ,2.81714e-004
31165  ,490  ,0  ,99.0914  ,2.81713e-004
31107  ,490  ,0  ,-99.0914  ,2.81712e-004
30874  ,490  ,2.5  ,-99.0914  ,2.81710e-004
30836  ,490  ,2.5  ,99.0914  ,2.81709e-004
12954  ,473.304  ,-2.5  ,409.726  ,2.81698e-004
21234  ,480  ,2.5  ,-310  ,2.81685e-004
9124  ,480  ,-2.5  ,310  ,2.81678e-004
21337  ,480  ,0  ,310  ,2.81674e-004
21229  ,480  ,0  ,-310  ,2.81673e-004
21343  ,480  ,2.5  ,310  ,2.81671e-004
2949  ,476.055  ,-2.5  ,369.062  ,2.81667e-004
9081  ,480  ,-2.5  ,-310  ,2.81661e-004
520  ,476.055  ,2.5  ,-369.062  ,2.81660e-004
29961  ,476.055  ,0  ,369.062  ,2.81659e-004
29777  ,476.055  ,0  ,-369.062  ,2.81657e-004
2916  ,476.055  ,-2.5  ,-369.062  ,2.81656e-004
487  ,476.055  ,2.5  ,369.062  ,2.81651e-004
31163  ,490  ,-2.5  ,89.0914  ,2.81648e-004
31106  ,490  ,-2.5  ,-89.0914  ,2.81644e-004
30834  ,490  ,0  ,89.0914  ,2.81643e-004
31108  ,490  ,0  ,-89.0914  ,2.81642e-004
30875  ,490  ,2.5  ,-89.0914  ,2.81639e-004
30835  ,490  ,2.5  ,89.0914  ,2.81638e-004
29883  ,467.919  ,2.5  ,-479.506  ,2.81593e-004
29878  ,467.919  ,0  ,-479.506  ,2.81590e-004
31159  ,490  ,-2.5  ,79.2731  ,2.81587e-004
31112  ,490  ,-2.5  ,-79.2731  ,2.81582e-004
30839  ,490  ,0  ,79.2731  ,2.81581e-004
12995  ,467.846  ,-2.5  ,479.538  ,2.81580e-004
31114  ,490  ,0  ,-79.2731  ,2.81580e-004
30871  ,490  ,2.5  ,-79.2731  ,2.81577e-004
30841  ,490  ,2.5  ,79.2731  ,2.81575e-004
29926  ,467.846  ,0  ,479.538  ,2.81572e-004
31158  ,490  ,-2.5  ,69.2731  ,2.81532e-004
31113  ,490  ,-2.5  ,-69.2731  ,2.81527e-004
30838  ,490  ,0  ,69.2731  ,2.81524e-004
31115  ,490  ,0  ,-69.2731  ,2.81524e-004
21352  ,468.857  ,0  ,-463.715  ,2.81522e-004
30872  ,490  ,2.5  ,-69.2731  ,2.81521e-004
30840  ,490  ,2.5  ,69.2731  ,2.81517e-004
1725  ,480  ,2.5  ,-300  ,2.81503e-004
12953  ,473.349  ,-2.5  ,399.415  ,2.81500e-004
21351  ,469.576  ,0  ,-452.862  ,2.81499e-004
4124  ,480  ,-2.5  ,300  ,2.81497e-004
21336  ,480  ,0  ,300  ,2.81493e-004
21233  ,480  ,0  ,-300  ,2.81491e-004
1695  ,480  ,2.5  ,300  ,2.81489e-004
31154  ,490  ,-2.5  ,59.4548  ,2.81485e-004
4154  ,480  ,-2.5  ,-300  ,2.81479e-004
31119  ,490  ,-2.5  ,-59.4548  ,2.81479e-004
30844  ,490  ,0  ,59.4548  ,2.81476e-004
31121  ,490  ,0  ,-59.4548  ,2.81476e-004
30868  ,490  ,2.5  ,-59.4548  ,2.81473e-004
30845  ,490  ,2.5  ,59.4548  ,2.81467e-004
31153  ,490  ,-2.5  ,49.4548  ,2.81443e-004
31120  ,490  ,-2.5  ,-49.4548  ,2.81438e-004
31122  ,490  ,0  ,-49.4548  ,2.81435e-004
30843  ,490  ,0  ,49.4548  ,2.81434e-004
30869  ,490  ,2.5  ,-49.4548  ,2.81433e-004
30850  ,490  ,2.5  ,49.6366  ,2.81426e-004
31149  ,490  ,-2.5  ,39.6366  ,2.81410e-004
31126  ,490  ,-2.5  ,-39.6365  ,2.81404e-004
31128  ,490  ,0  ,-39.6365  ,2.81402e-004
30848  ,490  ,0  ,39.6366  ,2.81401e-004
30865  ,490  ,2.5  ,-39.6365  ,2.81400e-004
30849  ,490  ,2.5  ,39.6366  ,2.81392e-004
31148  ,490  ,-2.5  ,29.6366  ,2.81382e-004
31127  ,490  ,-2.5  ,-29.6365  ,2.81378e-004
31129  ,490  ,0  ,-29.6365  ,2.81376e-004
30847  ,490  ,0  ,29.6366  ,2.81375e-004
30866  ,490  ,2.5  ,-29.6365  ,2.81374e-004
30855  ,490  ,2.5  ,29.8183  ,2.81368e-004
31144  ,490  ,-2.5  ,19.8183  ,2.81361e-004
31133  ,490  ,-2.5  ,-19.8183  ,2.81360e-004
31135  ,490  ,0  ,-19.8183  ,2.81357e-004
30853  ,490  ,0  ,19.8183  ,2.81356e-004
30862  ,490  ,2.5  ,-19.8183  ,2.81354e-004
30854  ,490  ,2.5  ,19.8183  ,2.81351e-004
31143  ,490  ,-2.5  ,9.81827  ,2.81349e-004
31134  ,490  ,-2.5  ,-9.81827  ,2.81348e-004
30861  ,490  ,0  ,-9.81827  ,2.81345e-004
30852  ,490  ,0  ,9.81827  ,2.81345e-004
31139  ,490  ,-2.5  ,0  ,2.81345e-004
30863  ,490  ,2.5  ,-9.81827  ,2.81342e-004
30857  ,490  ,0  ,0  ,2.81341e-004
30859  ,490  ,2.5  ,10  ,2.81341e-004
30858  ,490  ,2.5  ,0  ,2.81338e-004
29995  ,468.176  ,0  ,463.923  ,2.81333e-004
21237  ,480  ,2.5  ,-290  ,2.81324e-004
9123  ,480  ,-2.5  ,290  ,2.81319e-004
21332  ,480  ,0  ,290  ,2.81314e-004
21235  ,480  ,0  ,-290  ,2.81312e-004
29988  ,468.889  ,0  ,453.09  ,2.81309e-004
21340  ,480  ,2.5  ,290  ,2.81309e-004
9082  ,480  ,-2.5  ,-290  ,2.81301e-004
12951  ,473.349  ,-2.5  ,389.415  ,2.81297e-004
13049  ,467.515  ,-2.5  ,-468.354  ,2.81233e-004
29999  ,467.549  ,2.5  ,468.225  ,2.81233e-004
13045  ,468.234  ,-2.5  ,-457.501  ,2.81210e-004
29992  ,468.262  ,2.5  ,457.392  ,2.81204e-004
29987  ,469.215  ,0  ,442.025  ,2.81171e-004
1724  ,480  ,2.5  ,-280  ,2.81148e-004
4125  ,480  ,-2.5  ,280  ,2.81145e-004
21331  ,480  ,0  ,280  ,2.81139e-004
21236  ,480  ,0  ,-280  ,2.81136e-004
1696  ,480  ,2.5  ,280  ,2.81133e-004
4153  ,480  ,-2.5  ,-280  ,2.81125e-004
21366  ,471.529  ,0  ,-403.343  ,2.81039e-004
2939  ,465.448  ,-2.5  ,484.844  ,2.81005e-004
510  ,465.448  ,2.5  ,-484.844  ,2.81000e-004
29924  ,465.448  ,0  ,484.844  ,2.81000e-004
29824  ,465.448  ,0  ,-484.844  ,2.80998e-004
2924  ,465.448  ,-2.5  ,-484.844  ,2.80996e-004
495  ,465.448  ,2.5  ,484.844  ,2.80995e-004
21241  ,480  ,2.5  ,-270  ,2.80976e-004
9122  ,480  ,-2.5  ,270  ,2.80973e-004
21327  ,480  ,0  ,270  ,2.80967e-004
21238  ,480  ,0  ,-270  ,2.80965e-004
29981  ,469.215  ,0  ,432.025  ,2.80964e-004
21335  ,480  ,2.5  ,270  ,2.80960e-004
29881  ,466.744  ,2.5  ,-465.416  ,2.80954e-004
9083  ,480  ,-2.5  ,-270  ,2.80954e-004
12950  ,472.583  ,-2.5  ,379.566  ,2.80878e-004
21365  ,471.529  ,0  ,-393.343  ,2.80837e-004
1723  ,480  ,2.5  ,-260  ,2.80808e-004
4126  ,480  ,-2.5  ,260  ,2.80804e-004
21326  ,480  ,0  ,260  ,2.80798e-004
29784  ,472.178  ,2.5  ,-381.997  ,2.80797e-004
21239  ,480  ,0  ,-260  ,2.80797e-004
1697  ,480  ,2.5  ,260  ,2.80792e-004
4152  ,480  ,-2.5  ,-260  ,2.80787e-004
29991  ,467.545  ,2.5  ,447.035  ,2.80780e-004
13046  ,467.485  ,-2.5  ,-447.043  ,2.80775e-004
12993  ,465.983  ,-2.5  ,465.675  ,2.80754e-004
21361  ,468.919  ,0  ,-423.492  ,2.80700e-004
1691  ,467.842  ,2.5  ,-437.222  ,2.80677e-004
29877  ,465.402  ,0  ,-470.054  ,2.80666e-004
29980  ,468.91  ,0  ,421.533  ,2.80659e-004
21670  ,465.356  ,0  ,469.977  ,2.80653e-004
21243  ,480  ,2.5  ,-250  ,2.80644e-004
9121  ,480  ,-2.5  ,250  ,2.80641e-004
21323  ,480  ,0  ,250  ,2.80634e-004
21240  ,480  ,0  ,-250  ,2.80634e-004
21330  ,480  ,2.5  ,250  ,2.80628e-004
9084  ,480  ,-2.5  ,-250  ,2.80623e-004
29985  ,467.545  ,2.5  ,437.035  ,2.80570e-004
13042  ,467.485  ,-2.5  ,-437.043  ,2.80566e-004
21360  ,468.919  ,0  ,-413.492  ,2.80495e-004
1722  ,480  ,2.5  ,-240  ,2.80484e-004
4127  ,480  ,-2.5  ,240  ,2.80480e-004
21242  ,480  ,0  ,-240  ,2.80474e-004
1698  ,480  ,2.5  ,240  ,2.80468e-004
4151  ,480  ,-2.5  ,-240  ,2.80463e-004
29974  ,468.91  ,0  ,411.533  ,2.80454e-004
21247  ,480  ,2.5  ,-230  ,2.80329e-004
9118  ,480  ,-2.5  ,230  ,2.80325e-004
21322  ,480  ,0  ,230  ,2.80319e-004
21244  ,480  ,0  ,-230  ,2.80319e-004
21324  ,480  ,2.5  ,230  ,2.80313e-004
9085  ,480  ,-2.5  ,-230  ,2.80309e-004
29984  ,467.256  ,2.5  ,426.833  ,2.80277e-004
9120  ,478.79  ,-1.13538  ,249.403  ,2.80276e-004
13043  ,467.199  ,-2.5  ,-426.787  ,2.80272e-004
29973  ,468.954  ,0  ,401.222  ,2.80257e-004
21357  ,465.469  ,2.5  ,-446.942  ,2.80199e-004
31483  ,461.406  ,2.5  ,500  ,2.80178e-004
1721  ,480  ,2.5  ,-220  ,2.80177e-004
31526  ,461.406  ,5.58794e-008  ,500  ,2.80175e-004
30223  ,461.406  ,2.5  ,-500  ,2.80175e-004
4128  ,480  ,-2.5  ,220  ,2.80174e-004
30720  ,461.406  ,5.58794e-008  ,-500  ,2.80172e-004
31535  ,461.406  ,-2.5  ,500  ,2.80172e-004
30729  ,461.406  ,-2.5  ,-500  ,2.80170e-004
21317  ,480  ,0  ,220  ,2.80169e-004
21245  ,480  ,0  ,-220  ,2.80167e-004
1699  ,480  ,2.5  ,220  ,2.80163e-004
4150  ,480  ,-2.5  ,-220  ,2.80158e-004
9117  ,478.79  ,-1.13538  ,239.403  ,2.80116e-004
21321  ,478.79  ,1.36462  ,239.403  ,2.80110e-004
29927  ,462.959  ,2.5  ,475.283  ,2.80073e-004
29978  ,467.256  ,2.5  ,416.833  ,2.80071e-004
13018  ,462.931  ,-2.5  ,-475.391  ,2.80070e-004
13039  ,467.199  ,-2.5  ,-416.787  ,2.80066e-004
29967  ,468.954  ,0  ,391.222  ,2.80054e-004
21249  ,480  ,2.5  ,-210  ,2.80030e-004
9115  ,480  ,-2.5  ,210  ,2.80028e-004
21314  ,480  ,0  ,210  ,2.80023e-004
21246  ,480  ,0  ,-210  ,2.80022e-004
21318  ,480  ,2.5  ,210  ,2.80018e-004
9086  ,480  ,-2.5  ,-210  ,2.80013e-004
9114  ,478.79  ,-1.13538  ,229.403  ,2.79961e-004
21377  ,471.321  ,2.5  ,-348.791  ,2.79902e-004
21374  ,471.321  ,0  ,-348.791  ,2.79895e-004
1720  ,480  ,2.5  ,-200  ,2.79889e-004
4129  ,480  ,-2.5  ,200  ,2.79886e-004
21313  ,480  ,0  ,200  ,2.79882e-004
21248  ,480  ,0  ,-200  ,2.79881e-004
1700  ,480  ,2.5  ,200  ,2.79878e-004
4149  ,480  ,-2.5  ,-200  ,2.79874e-004
13040  ,467.126  ,-2.5  ,-406.68  ,2.79838e-004
29977  ,467.149  ,2.5  ,406.736  ,2.79834e-004
21252  ,480  ,2.5  ,-190  ,2.79753e-004
5317  ,477.58  ,0.229241  ,238.805  ,2.79752e-004
9112  ,480  ,-2.5  ,190  ,2.79750e-004
21311  ,480  ,0  ,190  ,2.79747e-004
21250  ,480  ,0  ,-190  ,2.79746e-004
21315  ,480  ,2.5  ,190  ,2.79745e-004
9087  ,480  ,-2.5  ,-190  ,2.79739e-004
1692  ,463.097  ,2.5  ,-456.663  ,2.79723e-004
29966  ,468.189  ,0  ,381.373  ,2.79636e-004
13036  ,467.126  ,-2.5  ,-396.68  ,2.79636e-004
29971  ,467.149  ,2.5  ,396.736  ,2.79632e-004
1719  ,480  ,2.5  ,-180  ,2.79622e-004
1689  ,467.003  ,2.5  ,-397.624  ,2.79622e-004
4130  ,480  ,-2.5  ,180  ,2.79620e-004
21310  ,480  ,0  ,180  ,2.79618e-004
21251  ,480  ,0  ,-180  ,2.79616e-004
1701  ,480  ,2.5  ,180  ,2.79616e-004
29780  ,469.348  ,2.5  ,-363.323  ,2.79613e-004
4148  ,480  ,-2.5  ,-180  ,2.79610e-004
21362  ,464.812  ,2.5  ,-427.572  ,2.79607e-004
21372  ,467.783  ,0  ,-383.804  ,2.79566e-004
21255  ,480  ,2.5  ,-170  ,2.79497e-004
9111  ,480  ,-2.5  ,170  ,2.79496e-004
21308  ,480  ,0  ,170  ,2.79494e-004
21253  ,480  ,0  ,-170  ,2.79492e-004
21312  ,480  ,2.5  ,170  ,2.79492e-004
9088  ,480  ,-2.5  ,-170  ,2.79488e-004
21353  ,463.378  ,0  ,-441.123  ,2.79474e-004
12949  ,468.189  ,-2.5  ,371.373  ,2.79447e-004
13037  ,467.178  ,-2.5  ,-386.495  ,2.79445e-004
29960  ,468.189  ,0  ,371.373  ,2.79437e-004
21348  ,461.755  ,0  ,-461.301  ,2.79434e-004
29970  ,467.161  ,2.5  ,386.582  ,2.79432e-004
9130  ,469.552  ,-2.5  ,-351.032  ,2.79422e-004
21647  ,469.512  ,2.5  ,351.14  ,2.79415e-004
1718  ,480  ,2.5  ,-160  ,2.79378e-004
4131  ,480  ,-2.5  ,160  ,2.79377e-004
21307  ,480  ,0  ,160  ,2.79375e-004
21254  ,480  ,0  ,-160  ,2.79375e-004
1702  ,480  ,2.5  ,160  ,2.79374e-004
4147  ,480  ,-2.5  ,-160  ,2.79372e-004
29779  ,467.783  ,2.5  ,-373.804  ,2.79368e-004
21371  ,467.783  ,0  ,-373.804  ,2.79366e-004
4075  ,461.723  ,-2.5  ,457.118  ,2.79351e-004
21226  ,469.943  ,0  ,-340.13  ,2.79331e-004
21636  ,469.912  ,0  ,340.207  ,2.79323e-004
9132  ,469.943  ,-2.5  ,-340.13  ,2.79322e-004
21640  ,469.912  ,2.5  ,340.207  ,2.79320e-004
9260  ,469.394  ,-2.5  ,346.498  ,2.79300e-004
21345  ,469.394  ,0  ,346.498  ,2.79295e-004
9110  ,480  ,-2.5  ,150  ,2.79266e-004
21258  ,480  ,2.5  ,-150  ,2.79265e-004
21306  ,480  ,0  ,150  ,2.79263e-004
21256  ,480  ,0  ,-150  ,2.79262e-004
21309  ,480  ,2.5  ,150  ,2.79261e-004
9089  ,480  ,-2.5  ,-150  ,2.79260e-004
21668  ,461.096  ,0  ,461.42  ,2.79250e-004
13034  ,467.178  ,-2.5  ,-376.495  ,2.79244e-004
29965  ,467.161  ,2.5  ,376.582  ,2.79233e-004
9266  ,462.049  ,-2.5  ,446.053  ,2.79215e-004
31479  ,458.545  ,2.5  ,492.422  ,2.79191e-004
31532  ,458.545  ,0  ,492.422  ,2.79188e-004
30221  ,458.545  ,2.5  ,-492.422  ,2.79188e-004
31529  ,458.545  ,-2.5  ,492.422  ,2.79185e-004
30719  ,458.545  ,0  ,-492.422  ,2.79185e-004
30718  ,458.545  ,-2.5  ,-492.422  ,2.79183e-004
21354  ,463.092  ,0  ,-430.867  ,2.79178e-004
4132  ,480  ,-2.5  ,140  ,2.79161e-004
1717  ,480  ,2.5  ,-140  ,2.79159e-004
21304  ,480  ,0  ,140  ,2.79158e-004
21257  ,480  ,0  ,-140  ,2.79157e-004
1703  ,480  ,2.5  ,140  ,2.79155e-004
4146  ,480  ,-2.5  ,-140  ,2.79155e-004
1646  ,460.469  ,2.5  ,465.722  ,2.79152e-004
21630  ,469.984  ,0  ,330.037  ,2.79151e-004
29885  ,459.726  ,2.5  ,-475.112  ,2.79150e-004
4121  ,460.414  ,-2.5  ,-465.939  ,2.79145e-004
29776  ,467.579  ,0  ,-365.563  ,2.79144e-004
13035  ,467.579  ,-2.5  ,-365.563  ,2.79141e-004
21230  ,469.943  ,0  ,-330.13  ,2.79140e-004
21646  ,467.539  ,0  ,365.671  ,2.79136e-004
12997  ,459.653  ,-2.5  ,475.143  ,2.79134e-004
21639  ,469.912  ,2.5  ,330.207  ,2.79130e-004
9133  ,469.943  ,-2.5  ,-330.13  ,2.79130e-004
29964  ,467.539  ,2.5  ,365.671  ,2.79127e-004
9119  ,474.292  ,-1.14553  ,256.092  ,2.79080e-004
21367  ,464.393  ,2.5  ,-407.773  ,2.79078e-004
4076  ,462.375  ,-2.5  ,434.987  ,2.79078e-004
21325  ,474.292  ,1.35447  ,256.092  ,2.79074e-004
9109  ,480  ,-2.5  ,130  ,2.79062e-004
21262  ,480  ,2.5  ,-130  ,2.79059e-004
21302  ,480  ,0  ,130  ,2.79059e-004
21259  ,480  ,0  ,-130  ,2.79057e-004
9090  ,480  ,-2.5  ,-130  ,2.79056e-004
21305  ,480  ,2.5  ,130  ,2.79055e-004
9256  ,469.605  ,-2.5  ,329.493  ,2.79034e-004
12948  ,467.421  ,-2.5  ,361.029  ,2.79018e-004
21390  ,469.428  ,2.5  ,-329.988  ,2.78998e-004
21349  ,461.006  ,0  ,-450.843  ,2.78998e-004
4133  ,480  ,-2.5  ,120  ,2.78970e-004
21301  ,480  ,0  ,120  ,2.78966e-004
1716  ,480  ,2.5  ,-120  ,2.78966e-004
21260  ,480  ,0  ,-120  ,2.78965e-004
21231  ,469.996  ,0  ,-320.008  ,2.78964e-004
4145  ,480  ,-2.5  ,-120  ,2.78963e-004
21629  ,469.984  ,0  ,320.037  ,2.78963e-004
1704  ,480  ,2.5  ,120  ,2.78962e-004
21634  ,469.984  ,2.5  ,320.037  ,2.78960e-004
9135  ,469.996  ,-2.5  ,-320.008  ,2.78953e-004
9116  ,474.996  ,-1.14377  ,234.822  ,2.78942e-004
21320  ,474.996  ,1.35623  ,234.822  ,2.78936e-004
21319  ,474.292  ,1.35447  ,246.092  ,2.78911e-004
9108  ,480  ,-2.5  ,110  ,2.78886e-004
21300  ,480  ,0  ,110  ,2.78881e-004
21265  ,480  ,2.5  ,-110  ,2.78880e-004
21261  ,480  ,0  ,-110  ,2.78879e-004
9091  ,480  ,-2.5  ,-110  ,2.78879e-004
21303  ,480  ,2.5  ,110  ,2.78877e-004
9255  ,469.605  ,-2.5  ,319.493  ,2.78846e-004
21665  ,460.379  ,0  ,451.063  ,2.78825e-004
21391  ,469.428  ,2.5  ,-319.988  ,2.78810e-004
4134  ,480  ,-2.5  ,100  ,2.78808e-004
21298  ,480  ,0  ,100  ,2.78803e-004
4144  ,480  ,-2.5  ,-100  ,2.78801e-004
21263  ,480  ,0  ,-100  ,2.78801e-004
1715  ,480  ,2.5  ,-100  ,2.78801e-004
1705  ,480  ,2.5  ,100  ,2.78798e-004
9113  ,474.996  ,-1.14377  ,224.822  ,2.78789e-004
21316  ,474.996  ,1.35623  ,224.822  ,2.78784e-004
21397  ,469.953  ,2.5  ,-310  ,2.78777e-004
21633  ,469.984  ,2.5  ,310.037  ,2.78773e-004
9265  ,462.07  ,-2.5  ,424.495  ,2.78771e-004
9136  ,469.996  ,-2.5  ,-310.008  ,2.78767e-004
9253  ,469.928  ,-2.5  ,309.909  ,2.78762e-004
9107  ,480  ,-2.5  ,90  ,2.78737e-004
9092  ,480  ,-2.5  ,-90  ,2.78731e-004
21297  ,480  ,0  ,90  ,2.78731e-004
21264  ,480  ,0  ,-90  ,2.78730e-004
21267  ,480  ,2.5  ,-90  ,2.78729e-004
21299  ,480  ,2.5  ,90  ,2.78725e-004
21671  ,459.752  ,2.5  ,455.365  ,2.78723e-004
9126  ,459.664  ,-2.5  ,-455.481  ,2.78708e-004
21664  ,460.705  ,0  ,439.998  ,2.78686e-004
4135  ,480  ,-2.5  ,80  ,2.78673e-004
4143  ,480  ,-2.5  ,-80  ,2.78667e-004
21295  ,480  ,0  ,80  ,2.78667e-004
21266  ,480  ,0  ,-80  ,2.78665e-004
1714  ,480  ,2.5  ,-80  ,2.78664e-004
9258  ,467.814  ,-2.5  ,337.18  ,2.78663e-004
1706  ,480  ,2.5  ,80  ,2.78661e-004
21339  ,469.605  ,0  ,309.493  ,2.78657e-004
9106  ,480  ,-2.5  ,70  ,2.78617e-004
21383  ,469.428  ,0  ,-309.988  ,2.78613e-004
9093  ,480  ,-2.5  ,-70  ,2.78611e-004
21293  ,480  ,0  ,70  ,2.78609e-004
21268  ,480  ,0  ,-70  ,2.78609e-004
21271  ,480  ,2.5  ,-70  ,2.78606e-004
21296  ,480  ,2.5  ,70  ,2.78602e-004
21398  ,469.953  ,2.5  ,-300  ,2.78594e-004
21627  ,469.997  ,2.5  ,300.007  ,2.78592e-004
9139  ,470  ,-2.5  ,-300  ,2.78584e-004
21394  ,469.953  ,0  ,-300  ,2.78582e-004
9252  ,469.928  ,-2.5  ,299.909  ,2.78579e-004
5490  ,473.787  ,0.220853  ,234.225  ,2.78578e-004
21338  ,469.928  ,0  ,299.909  ,2.78575e-004
4136  ,480  ,-2.5  ,60  ,2.78567e-004
4142  ,480  ,-2.5  ,-60  ,2.78562e-004
21269  ,480  ,0  ,-60  ,2.78559e-004
21292  ,480  ,0  ,60  ,2.78559e-004
12991  ,457.255  ,-2.5  ,480.449  ,2.78558e-004
29925  ,457.255  ,0  ,480.449  ,2.78557e-004
29875  ,457.255  ,2.5  ,-480.449  ,2.78557e-004
1713  ,480  ,2.5  ,-60  ,2.78556e-004
29872  ,457.255  ,0  ,-480.449  ,2.78555e-004
5489  ,473.082  ,0.219093  ,245.495  ,2.78553e-004
1707  ,480  ,2.5  ,60  ,2.78551e-004
1690  ,461.783  ,2.5  ,-417.922  ,2.78537e-004
9105  ,480  ,-2.5  ,50  ,2.78525e-004
9094  ,480  ,-2.5  ,-50  ,2.78521e-004
21270  ,480  ,0  ,-50  ,2.78518e-004
21291  ,480  ,0  ,50  ,2.78517e-004
21273  ,480  ,2.5  ,-50  ,2.78514e-004
21294  ,480  ,2.5  ,50  ,2.78509e-004
4137  ,480  ,-2.5  ,40  ,2.78491e-004
4141  ,480  ,-2.5  ,-40  ,2.78487e-004
21272  ,480  ,0  ,-40  ,2.78483e-004
21289  ,480  ,0  ,40  ,2.78482e-004
1712  ,480  ,2.5  ,-40  ,2.78480e-004
1708  ,480  ,2.5  ,40  ,2.78475e-004
4077  ,461.765  ,-2.5  ,414.003  ,2.78466e-004
9104  ,480  ,-2.5  ,30  ,2.78462e-004
9095  ,480  ,-2.5  ,-30  ,2.78460e-004
21274  ,480  ,0  ,-30  ,2.78457e-004
21288  ,480  ,0  ,30  ,2.78456e-004
21277  ,480  ,2.5  ,-30  ,2.78454e-004
21290  ,480  ,2.5  ,30  ,2.78449e-004
4138  ,480  ,-2.5  ,20  ,2.78441e-004
4140  ,480  ,-2.5  ,-20  ,2.78440e-004
21275  ,480  ,0  ,-20  ,2.78437e-004
21285  ,480  ,0  ,20  ,2.78436e-004
1711  ,480  ,2.5  ,-20  ,2.78434e-004
1709  ,480  ,2.5  ,20  ,2.78432e-004
9102  ,480  ,-2.5  ,10  ,2.78429e-004
9098  ,480  ,-2.5  ,-9.99999  ,2.78428e-004
21405  ,470  ,2.5  ,-290  ,2.78428e-004
21276  ,480  ,0  ,-9.99999  ,2.78425e-004
21284  ,480  ,0  ,10  ,2.78425e-004
4139  ,480  ,-2.5  ,0  ,2.78424e-004
21281  ,480  ,2.5  ,-9.99999  ,2.78422e-004
21280  ,480  ,0  ,0  ,2.78421e-004
21286  ,480  ,2.5  ,10  ,2.78421e-004
21363  ,462.6  ,0  ,-400.961  ,2.78421e-004
1710  ,480  ,2.5  ,0  ,2.78418e-004
9250  ,469.987  ,-2.5  ,289.984  ,2.78418e-004
21401  ,470  ,0  ,-290  ,2.78416e-004
21626  ,469.997  ,2.5  ,290.007  ,2.78411e-004
9140  ,470  ,-2.5  ,-290  ,2.78404e-004
21334  ,469.928  ,0  ,289.909  ,2.78395e-004
21660  ,460.416  ,0  ,429.795  ,2.78390e-004
21381  ,466.597  ,2.5  ,-339.82  ,2.78367e-004
21373  ,463.258  ,2.5  ,-388.085  ,2.78351e-004
1647  ,459.036  ,2.5  ,445.008  ,2.78298e-004
4120  ,458.914  ,-2.5  ,-445.024  ,2.78273e-004
9264  ,461.809  ,-2.5  ,403.692  ,2.78266e-004
21406  ,470  ,2.5  ,-280  ,2.78250e-004
9249  ,469.987  ,-2.5  ,279.984  ,2.78242e-004
21402  ,470  ,0  ,-280  ,2.78238e-004
21333  ,469.987  ,0  ,279.984  ,2.78236e-004
21622  ,470  ,2.5  ,280.001  ,2.78235e-004
21364  ,462.653  ,0  ,-390.776  ,2.78229e-004
9143  ,470  ,-2.5  ,-280  ,2.78226e-004
29928  ,455.448  ,2.5  ,484.844  ,2.78137e-004
29823  ,455.448  ,0  ,-484.844  ,2.78133e-004
13019  ,455.448  ,-2.5  ,-484.844  ,2.78130e-004
21358  ,460.063  ,0  ,-421.217  ,2.78108e-004
21659  ,460.111  ,0  ,419.303  ,2.78084e-004
21414  ,470  ,2.5  ,-270  ,2.78077e-004
9247  ,469.998  ,-2.5  ,269.997  ,2.78072e-004
4078  ,461.853  ,-2.5  ,393.381  ,2.78067e-004
21408  ,470  ,0  ,-270  ,2.78065e-004
21329  ,469.987  ,0  ,269.984  ,2.78063e-004
21621  ,470  ,2.5  ,270.001  ,2.78061e-004
9144  ,470  ,-2.5  ,-270  ,2.78054e-004
21667  ,458.747  ,2.5  ,434.806  ,2.78000e-004
9127  ,458.629  ,-2.5  ,-434.768  ,2.77976e-004
29873  ,456.08  ,2.5  ,-466.359  ,2.77917e-004
21415  ,470  ,2.5  ,-260  ,2.77907e-004
9246  ,469.998  ,-2.5  ,259.997  ,2.77902e-004
21328  ,469.998  ,0  ,259.997  ,2.77897e-004
21409  ,470  ,0  ,-260  ,2.77896e-004
21617  ,470  ,2.5  ,260  ,2.77891e-004
9146  ,470  ,-2.5  ,-260  ,2.77886e-004
21359  ,459.99  ,0  ,-411.11  ,2.77878e-004
21682  ,457.946  ,2.5  ,-437.98  ,2.77851e-004
21655  ,460.004  ,0  ,409.206  ,2.77845e-004
21420  ,470  ,2.5  ,-250  ,2.77742e-004
9243  ,470  ,-2.5  ,250  ,2.77738e-004
21410  ,470  ,0  ,-250  ,2.77731e-004
12989  ,455.393  ,-2.5  ,466.587  ,2.77730e-004
21616  ,470  ,2.5  ,250  ,2.77726e-004
9147  ,470  ,-2.5  ,-250  ,2.77721e-004
1648  ,458.458  ,2.5  ,424.603  ,2.77704e-004
4119  ,458.343  ,-2.5  ,-424.512  ,2.77680e-004
21654  ,460.048  ,0  ,398.895  ,2.77646e-004
9263  ,461.088  ,-2.5  ,383.532  ,2.77646e-004
21669  ,454.766  ,0  ,470.888  ,2.77637e-004
29869  ,454.738  ,0  ,-470.997  ,2.77629e-004
21421  ,470  ,2.5  ,-240  ,2.77581e-004
9242  ,470  ,-2.5  ,240  ,2.77576e-004
21418  ,470  ,0  ,-240  ,2.77570e-004
1687  ,462.642  ,2.5  ,-357.583  ,2.77567e-004
21611  ,470  ,2.5  ,240  ,2.77564e-004
9150  ,470  ,-2.5  ,-240  ,2.77560e-004
21663  ,458.35  ,2.5  ,414.506  ,2.77464e-004
9128  ,458.27  ,-2.5  ,-414.405  ,2.77449e-004
21650  ,460.06  ,0  ,388.741  ,2.77443e-004
21430  ,470  ,2.5  ,-230  ,2.77424e-004
9236  ,470  ,-2.5  ,230  ,2.77420e-004
21424  ,470  ,0  ,-230  ,2.77414e-004
21610  ,470  ,2.5  ,230  ,2.77408e-004
5318  ,469.993  ,0.212466  ,229.645  ,2.77406e-004
9151  ,470  ,-2.5  ,-230  ,2.77404e-004
176  ,451.641  ,2.5  ,500  ,2.77389e-004
31534  ,451.641  ,5.58794e-008  ,500  ,2.77379e-004
444  ,451.641  ,2.5  ,-500  ,2.77379e-004
30721  ,451.641  ,5.58794e-008  ,-500  ,2.77376e-004
21681  ,455.574  ,2.5  ,-447.701  ,2.77375e-004
343  ,451.641  ,-2.5  ,-500  ,2.77374e-004
165  ,451.641  ,-2.5  ,500  ,2.77369e-004
5319  ,468.583  ,0.208946  ,252.185  ,2.77356e-004
9100  ,476.258  ,-1.1368  ,18.4016  ,2.77343e-004
21283  ,476.258  ,1.3632  ,18.4016  ,2.77339e-004
9096  ,476.258  ,-1.1368  ,8.4016  ,2.77333e-004
21278  ,476.258  ,1.3632  ,8.4016  ,2.77329e-004
21378  ,461.077  ,2.5  ,-368.064  ,2.77322e-004
21431  ,470  ,2.5  ,-220  ,2.77271e-004
9235  ,470  ,-2.5  ,220  ,2.77268e-004
21598  ,470  ,0  ,220  ,2.77263e-004
21425  ,470  ,0  ,-220  ,2.77261e-004
21601  ,470  ,2.5  ,220  ,2.77258e-004
9154  ,470  ,-2.5  ,-220  ,2.77252e-004
4079  ,460.322  ,-2.5  ,373.684  ,2.77226e-004
1649  ,458.242  ,2.5  ,404.409  ,2.77226e-004
4118  ,458.196  ,-2.5  ,-404.297  ,2.77220e-004
29920  ,452.959  ,2.5  ,475.283  ,2.77215e-004
9241  ,468.79  ,-1.13538  ,239.402  ,2.77212e-004
21606  ,468.79  ,1.36462  ,239.403  ,2.77206e-004
13015  ,452.931  ,-2.5  ,-475.391  ,2.77204e-004
21435  ,470  ,2.5  ,-210  ,2.77123e-004
9231  ,470  ,-2.5  ,210  ,2.77120e-004
21590  ,470  ,0  ,210  ,2.77115e-004
21426  ,470  ,0  ,-210  ,2.77114e-004
21600  ,470  ,2.5  ,210  ,2.77111e-004
9155  ,470  ,-2.5  ,-210  ,2.77106e-004
21375  ,460.873  ,0  ,-359.823  ,2.77096e-004
1688  ,459.512  ,2.5  ,-378.545  ,2.77080e-004
9129  ,458.249  ,-2.5  ,-394.113  ,2.77028e-004
21649  ,459.295  ,0  ,378.893  ,2.77024e-004
21658  ,458.255  ,2.5  ,394.255  ,2.77023e-004
21376  ,461.264  ,0  ,-348.922  ,2.76995e-004
21436  ,470  ,2.5  ,-200  ,2.76981e-004
9230  ,470  ,-2.5  ,200  ,2.76977e-004
21589  ,470  ,0  ,200  ,2.76974e-004
21433  ,470  ,0  ,-200  ,2.76973e-004
21594  ,470  ,2.5  ,200  ,2.76970e-004
9157  ,470  ,-2.5  ,-200  ,2.76966e-004
21368  ,458.907  ,0  ,-381.237  ,2.76958e-004
21643  ,459.673  ,0  ,367.982  ,2.76914e-004
9103  ,474.504  ,-1.25824  ,35.1151  ,2.76868e-004
21287  ,474.504  ,1.24176  ,35.1151  ,2.76861e-004
21369  ,459.308  ,0  ,-370.304  ,2.76853e-004
21442  ,470  ,2.5  ,-190  ,2.76844e-004
9099  ,474.504  ,-1.25824  ,25.1151  ,2.76844e-004
9228  ,470  ,-2.5  ,190  ,2.76841e-004
21282  ,474.504  ,1.24176  ,25.1151  ,2.76838e-004
21583  ,470  ,0  ,190  ,2.76838e-004
21438  ,470  ,0  ,-190  ,2.76837e-004
4117  ,458.302  ,-2.5  ,-383.928  ,2.76836e-004
21593  ,470  ,2.5  ,190  ,2.76835e-004
9158  ,470  ,-2.5  ,-190  ,2.76830e-004
1650  ,458.267  ,2.5  ,384.101  ,2.76821e-004
9262  ,459.555  ,-2.5  ,363.34  ,2.76797e-004
21350  ,452.597  ,0  ,-460.034  ,2.76780e-004
21683  ,454.917  ,2.5  ,-428.33  ,2.76780e-004
21698  ,457.012  ,2.5  ,-398.464  ,2.76765e-004
30222  ,450.352  ,2.5  ,-488.027  ,2.76745e-004
31530  ,450.352  ,-2.5  ,488.027  ,2.76738e-004
9422  ,453.149  ,-2.5  ,449.962  ,2.76736e-004
9131  ,458.703  ,-2.5  ,-372.996  ,2.76730e-004
21443  ,470  ,2.5  ,-180  ,2.76712e-004
21653  ,458.645  ,2.5  ,373.191  ,2.76712e-004
9227  ,470  ,-2.5  ,180  ,2.76709e-004
21582  ,470  ,0  ,180  ,2.76707e-004
21439  ,470  ,0  ,-180  ,2.76706e-004
21587  ,470  ,2.5  ,180  ,2.76705e-004
9160  ,470  ,-2.5  ,-180  ,2.76700e-004
